coc_number,coc_name,overall_homeless,sheltered_total_homeless,unsheltered_homeless,overall_homeless_male,overall_homeless_female,overall_homeless_white,overall_homeless_hispanic_latino,overall_homeless_black_african_american_or_african,overall_homeless_asian_or_asian_american,labor_force,employed,unemployed,population,affordable_units_total,affordable_units_occupied,affordable_units_vacant,per_capita_income,zhvi_bottom_tier_value,zhvi_all_homes_value,mean_annual_temperature
AK-501,Alaska Balance of State CoC,630.0,630.0,0.0,372.0,258.0,282.0,32.0,40.0,18.0,90930,85278,5652,198511,2017.0,1932.0,85.0,65084.65732377551,156634.04219060173,276613.9526080159,32.03
AL-500,"Birmingham/Jefferson, St. Clair, Shelby Counties CoC",875.0,556.0,319.0,627.0,242.0,343.0,24.0,507.0,2.0,439729,425849,13880,897425,20203.0,17826.0,2377.0,62872.523817589215,92572.22129759338,195068.95936552787,62.68
AL-501,Mobile City & County/Baldwin County CoC,219.0,219.0,0.0,123.0,96.0,95.0,1.0,116.0,2.0,290667,278942,11725,652378,14205.0,11772.0,2433.0,49441.667261924835,104727.19475461825,196266.1729327486,62.68
AL-502,Florence/Northwest Alabama CoC,183.0,149.0,34.0,97.0,85.0,147.0,135.0,36.0,0.0,118433,114759,3674,270278,5644.0,5212.0,432.0,43311.03919297908,64313.86336410991,132736.21610641808,62.68
AL-503,Huntsville/North Alabama CoC,300.0,300.0,0.0,174.0,126.0,149.0,12.0,132.0,1.0,300645,292920,7725,627377,7294.0,6353.0,941.0,55787.814151618564,116731.9150028232,219000.27139389844,62.68
AL-504,Montgomery City & County CoC,215.0,215.0,0.0,125.0,90.0,63.0,4.0,143.0,0.0,179971,172720,7251,395106,6413.0,6137.0,276.0,48893.45274432684,65461.202944937475,141680.92641052388,62.67999999999999
AL-506,Tuscaloosa City & County CoC,37.0,37.0,0.0,29.0,8.0,7.0,2.0,28.0,0.0,101686,98093,3593,235668,4890.0,4156.0,734.0,43439.0,72498.57690003373,182657.78550965854,62.68
AL-507,Alabama Balance of State CoC,190.0,92.0,98.0,85.0,105.0,97.0,4.0,80.0,1.0,696371,672438,23933,1659383,30714.0,27008.0,3706.0,44032.37978393174,65349.191868162496,137264.4097093864,62.68
AR-500,Little Rock/Central Arkansas CoC,401.0,401.0,0.0,262.0,139.0,209.0,10.0,173.0,3.0,281049,268789,12260,606248,11172.0,9666.0,1506.0,54907.62495546377,78755.73781928823,161047.4578180463,60.09
AR-501,Fayetteville/Northwest Arkansas CoC,157.0,157.0,0.0,83.0,73.0,125.0,11.0,20.0,1.0,318101,308655,9446,651868,4066.0,3515.0,551.0,66480.82352255365,153095.09474442212,230132.95063160805,60.09000000000001
AR-503,Arkansas Balance of State CoC,1190.0,662.0,528.0,734.0,455.0,877.0,97.0,276.0,3.0,379069,362863,16206,868810,16517.0,14334.0,2183.0,43191.496467582096,65848.9454664612,134504.35849360234,60.09
AR-505,Southeast Arkansas CoC,67.0,67.0,0.0,28.0,39.0,23.0,1.0,44.0,0.0,109119,103195,5924,264667,6918.0,5725.0,1193.0,46201.28022760677,27843.525053445603,80647.31288400709,60.09
AZ-500,Arizona Balance of State CoC,989.0,989.0,0.0,573.0,411.0,567.0,214.0,77.0,7.0,529191,492306,36885,1263768,6531.0,6070.0,461.0,46640.5806334707,195036.46064850767,306503.4960665066,65.97
AZ-501,Tucson/Pima County CoC,821.0,821.0,0.0,468.0,343.0,604.0,303.0,120.0,2.0,483156,458436,24720,1048895,9240.0,8500.0,740.0,52942.0,195464.47069312303,279050.1750871648,65.97
AZ-502,"Phoenix, Mesa/Maricopa County CoC",3650.0,3650.0,0.0,2033.0,1605.0,1969.0,949.0,1194.0,36.0,2320686,2213563,107123,4494693,24174.0,21514.0,2660.0,59759.0,279316.4889737172,382900.0261707652,65.97
CA-500,San Jose/Santa Clara City & County CoC,2301.0,2301.0,0.0,1417.0,862.0,1404.0,1148.0,302.0,152.0,1012385,963744,48641,1886595,24617.0,22893.0,1724.0,138724.0,843067.0179432413,1297744.250207016,61.17
CA-502,"Oakland, Berkeley/Alameda County CoC",2546.0,2546.0,0.0,1492.0,1030.0,714.0,396.0,1442.0,69.0,812967,763473,49494,1643837,34702.0,30537.0,4165.0,99746.0,649355.3518550418,984525.5472136809,61.17
CA-503,Sacramento City & County CoC,1885.0,1885.0,0.0,900.0,962.0,876.0,322.0,700.0,30.0,719721,669851,49870,1588106,19802.0,17623.0,2179.0,61829.0,351030.73222782114,465702.34784039814,61.169999999999995
CA-504,"Santa Rosa, Petaluma/Sonoma County CoC",787.0,787.0,0.0,454.0,328.0,574.0,221.0,56.0,9.0,243679,230168,13511,484315,6627.0,5898.0,729.0,81006.0,513648.0947180655,724274.8013237859,61.17
CA-505,Richmond/Contra Costa County CoC,820.0,820.0,0.0,468.0,348.0,357.0,178.0,295.0,22.0,543996,509294,34702,1163298,15365.0,13982.0,1383.0,99312.0,522209.3693553732,765624.8795061515,61.169999999999995
CA-506,"Salinas/Monterey, San Benito Counties CoC",678.0,678.0,0.0,360.0,318.0,560.0,407.0,56.0,17.0,244056,224175,19881,503924,6076.0,4498.0,1578.0,64165.996660210665,501830.8657157232,698064.3850410745,61.17
CA-507,Marin County CoC,225.0,225.0,0.0,124.0,100.0,155.0,86.0,41.0,5.0,129479,123589,5890,259162,3712.0,3452.0,260.0,164118.0,784860.0110989087,1296494.4509589258,61.17
CA-508,Watsonville/Santa Cruz City & County CoC,800.0,800.0,0.0,479.0,318.0,656.0,307.0,54.0,6.0,133124,123902,9222,260495,6266.0,5764.0,502.0,85554.0,642024.4789311141,991617.9680153629,61.17
CA-509,Mendocino County CoC,318.0,318.0,0.0,144.0,170.0,232.0,74.0,4.0,0.0,36821,34503,2318,91003,1773.0,1312.0,461.0,56047.0,326176.41607322363,481484.61989911576,61.169999999999995
CA-510,"Turlock, Modesto/Stanislaus County CoC",2927.0,726.0,2201.0,1337.0,1586.0,2119.0,1228.0,374.0,53.0,240200,220161,20039,552851,6472.0,6083.0,389.0,52356.0,307047.53732839454,394834.2556299625,61.17
CA-511,Stockton/San Joaquin County CoC,885.0,885.0,0.0,554.0,330.0,558.0,334.0,226.0,24.0,336882,307953,28929,788140,7904.0,6639.0,1265.0,57783.0,332876.271636912,469924.6227720012,61.17000000000001
CA-512,Daly City/San Mateo County CoC,621.0,621.0,0.0,343.0,273.0,355.0,207.0,136.0,38.0,433387,413318,20069,739060,6810.0,6197.0,613.0,160485.0,949568.7376591642,1429258.0836164148,61.17
CA-513,"Visalia/Kings, Tulare Counties CoC",494.0,494.0,0.0,276.0,217.0,402.0,253.0,46.0,2.0,256686,229974,26712,629625,5666.0,4759.0,907.0,46819.61367480643,197160.89843828886,279867.87874853343,61.17
CA-514,Fresno City & County/Madera County CoC,999.0,999.0,0.0,559.0,431.0,698.0,478.0,207.0,15.0,506737,460626,46111,1171902,18755.0,17288.0,1467.0,50653.82557073885,222542.85987804524,324873.2169853842,61.17
CA-515,"Roseville, Rocklin/Placer, Nevada Counties CoC",708.0,357.0,351.0,406.0,298.0,557.0,122.0,60.0,10.0,236945,224646,12299,516246,2315.0,2069.0,246.0,75270.62974240963,451683.7970692149,611826.9544114673,61.17
CA-516,"Redding/Shasta, Siskiyou, Lassen, Plumas, Del Norte, Modoc, Sierra Counties CoC",792.0,792.0,0.0,429.0,362.0,587.0,129.0,18.0,9.0,120189,111509,8680,317179,4883.0,4096.0,787.0,52130.77927920827,199871.82152518842,304967.8766082707,61.17
CA-517,Napa City & County CoC,200.0,200.0,0.0,129.0,70.0,167.0,54.0,9.0,0.0,68555,64394,4161,136206,1911.0,1452.0,459.0,90608.0,588773.861785653,822109.2550060436,61.17
CA-518,Vallejo/Solano County CoC,397.0,397.0,0.0,222.0,173.0,163.0,57.0,164.0,18.0,200674,185789,14885,450350,6994.0,5245.0,1749.0,65448.0,424546.41043083573,532120.8299622867,61.17
CA-519,"Chico, Paradise/Butte County CoC",499.0,499.0,0.0,240.0,254.0,397.0,66.0,31.0,5.0,92217,85857,6360,206190,3122.0,2809.0,313.0,54694.0,236003.38410527314,371912.0429343351,61.17
CA-520,Merced City & County CoC,835.0,380.0,455.0,206.0,174.0,289.0,190.0,58.0,7.0,115207,103311,11896,284458,3599.0,3023.0,576.0,46580.0,262852.45979421795,344168.5386955925,61.169999999999995
CA-521,"Davis, Woodland/Yolo County CoC",373.0,373.0,0.0,196.0,174.0,268.0,106.0,69.0,2.0,106662,100331,6331,213039,3036.0,2489.0,547.0,64468.0,391963.1653564098,535910.0166012713,61.17
CA-522,Humboldt County CoC,272.0,272.0,0.0,188.0,84.0,242.0,23.0,1.0,2.0,58907,55194,3713,134836,2081.0,1498.0,583.0,53607.0,243780.45636734125,370311.7904514941,61.17
CA-523,"Colusa, Glenn, Trinity Counties CoC",140.0,140.0,0.0,58.0,82.0,128.0,43.0,0.0,0.0,27853,25339,2514,66638,411.0,377.0,34.0,48596.75369909061,212149.66272472453,314854.6291341379,61.17
CA-524,Yuba City & County/Sutter County CoC,1074.0,235.0,839.0,542.0,530.0,653.0,218.0,98.0,8.0,76355,69685,6670,182254,1991.0,1823.0,168.0,51175.55823191809,273386.9740458299,373962.4154851793,61.17
CA-525,El Dorado County CoC,99.0,99.0,0.0,53.0,45.0,83.0,9.0,5.0,0.0,91879,86553,5326,193590,847.0,753.0,94.0,78525.0,411148.97960971296,609854.5408061463,61.17
CA-526,"Tuolumne, Amador, Calaveras, Mariposa Counties CoC",151.0,151.0,0.0,68.0,82.0,126.0,23.0,7.0,0.0,63158,58884,4274,159535,640.0,604.0,36.0,54186.59775597831,266476.10525757645,380955.7442368308,61.169999999999995
CA-527,Tehama County CoC,267.0,49.0,218.0,175.0,92.0,240.0,28.0,6.0,3.0,25616,23772,1844,65380,669.0,608.0,61.0,48042.0,161879.41225413964,287304.17423115624,61.17
CA-529,Lake County CoC,306.0,75.0,231.0,198.0,105.0,220.0,55.0,10.0,0.0,28445,26275,2170,68584,478.0,415.0,63.0,46918.0,187280.1345650172,301854.1118710988,61.17
CA-530,"Alpine, Inyo, Mono Counties CoC",58.0,58.0,0.0,27.0,31.0,51.0,16.0,0.0,0.0,17076,15974,1102,33423,24.0,19.0,5.0,63306.188074080725,307704.70103740995,479093.2083218563,61.17
CA-600,Los Angeles City & County CoC,17225.0,17225.0,0.0,9005.0,8026.0,7901.0,6672.0,8201.0,205.0,4993482,4547611,445871,9811842,149158.0,132750.0,16408.0,74141.0,509813.76876137464,736521.3657569654,61.17
CA-601,San Diego City and County CoC,4143.0,4143.0,0.0,2412.0,1710.0,2691.0,1384.0,1044.0,91.0,1547828,1447539,100289,3274954,41098.0,38221.0,2877.0,72637.0,509683.47739259386,733991.9445434302,61.17
CA-602,"Santa Ana, Anaheim/Orange County CoC",2441.0,2441.0,0.0,1265.0,1171.0,1889.0,1108.0,305.0,73.0,1560697,1467342,93355,3161005,28174.0,24511.0,3663.0,81034.0,597969.212966238,853958.048971993,61.169999999999995
CA-603,Santa Maria/Santa Barbara County CoC,500.0,500.0,0.0,315.0,179.0,407.0,233.0,48.0,4.0,219871,207164,12707,437434,7956.0,7239.0,717.0,73995.0,451651.77535936836,724926.6914022098,61.17
CA-604,Bakersfield/Kern County CoC,2150.0,569.0,1581.0,1147.0,998.0,1532.0,730.0,474.0,8.0,385852,347572,38280,912351,5928.0,5394.0,534.0,45961.0,192089.08068756358,280322.87375689147,61.17
CA-606,Long Beach CoC,603.0,603.0,0.0,407.0,196.0,295.0,164.0,250.0,12.0,4993482,4547611,445871,9811842,149158.0,132750.0,16408.0,74141.0,509813.76876137464,736521.3657569654,61.17
CA-607,Pasadena CoC,171.0,171.0,0.0,105.0,64.0,89.0,62.0,59.0,3.0,4993482,4547611,445871,9811842,149158.0,132750.0,16408.0,74141.0,509813.76876137464,736521.3657569654,61.17
CA-608,Riverside City & County CoC,998.0,998.0,0.0,539.0,455.0,704.0,395.0,213.0,16.0,1133045,1050042,83003,2453178,13681.0,11628.0,2053.0,51180.0,350621.43628068647,488397.3443484751,61.169999999999995
CA-609,San Bernardino City & County CoC,905.0,905.0,0.0,451.0,449.0,518.0,347.0,274.0,10.0,992229,918611,73618,2192882,15853.0,13475.0,2378.0,49493.0,306089.5810052661,446297.47885036416,61.17
CA-611,"Oxnard, San Buenaventura/Ventura County CoC",949.0,949.0,0.0,533.0,416.0,772.0,412.0,45.0,8.0,407465,382236,25229,839358,9025.0,7851.0,1174.0,73375.0,535389.7383266705,726718.1083196704,61.17
CA-612,Glendale CoC,88.0,88.0,0.0,39.0,49.0,58.0,44.0,28.0,2.0,4993482,4547611,445871,9811842,149158.0,132750.0,16408.0,74141.0,509813.76876137464,736521.3657569654,61.17
CA-613,Imperial County CoC,140.0,140.0,0.0,75.0,65.0,131.0,127.0,7.0,0.0,69015,56963,12052,179215,3226.0,3000.0,226.0,47653.0,171692.67812570735,265877.39336939825,61.17
CA-614,San Luis Obispo County CoC,297.0,297.0,0.0,155.0,142.0,252.0,87.0,19.0,1.0,135428,128208,7220,279298,3037.0,2733.0,304.0,66617.0,510183.7639177194,731817.6953178751,61.17
CO-500,Colorado Balance of State CoC,1295.0,767.0,528.0,836.0,443.0,1002.0,239.0,60.0,2.0,941993,890595,51398,1824552,19225.0,16750.0,2475.0,60022.80291709965,284743.2740053143,424960.0403311124,46.26
CO-503,Metropolitan Denver CoC,5530.0,5530.0,0.0,3414.0,2100.0,3318.0,1843.0,1449.0,32.0,1386334,1313367,72967,2457975,19211.0,16166.0,3045.0,73988.62296280474,405341.9689200956,545598.7429483854,46.26
CO-504,Colorado Springs/El Paso County CoC,1156.0,1156.0,0.0,655.0,495.0,795.0,252.0,196.0,2.0,354358,334200,20158,737228,4962.0,4267.0,695.0,58627.0,309960.53809023974,409165.29827838816,46.260000000000005
DE-500,Delaware Statewide CoC,1579.0,1579.0,0.0,817.0,760.0,551.0,114.0,967.0,6.0,493930,466770,27160,1004807,13100.0,11629.0,1471.0,59931.85358183213,186153.25182586486,301709.750358036,54.48
FL-500,"Sarasota, Bradenton/Manatee, Sarasota Counties CoC",526.0,526.0,0.0,336.0,189.0,382.0,51.0,122.0,1.0,370281,355386,14895,862024,5115.0,4449.0,666.0,69383.54651146603,219158.80945836732,344256.485140888,71.8
FL-501,Tampa/Hillsborough County CoC,870.0,870.0,0.0,496.0,374.0,334.0,145.0,508.0,4.0,772739,739504,33235,1484455,15770.0,14666.0,1104.0,58140.0,203660.9085378851,300855.15581047005,71.8
FL-502,"St. Petersburg, Clearwater, Largo/Pinellas County CoC",2307.0,1305.0,1002.0,811.0,492.0,716.0,73.0,515.0,10.0,489255,469435,19820,959046,13245.0,11655.0,1590.0,65936.0,171573.0049949886,292045.8686778277,71.8
FL-503,"Lakeland, Winterhaven/Polk County CoC",385.0,385.0,0.0,221.0,162.0,216.0,52.0,153.0,0.0,328270,310484,17786,755179,4416.0,4018.0,398.0,43556.0,157434.892603102,241504.5864614873,71.8
FL-504,"Daytona Beach, Daytona/Volusia, Flagler Counties CoC",694.0,359.0,335.0,440.0,254.0,464.0,61.0,183.0,0.0,304903,290599,14304,686892,5768.0,4814.0,954.0,53557.52603902797,187970.75614146804,271182.24603415193,71.8
FL-505,"Fort Walton Beach/Okaloosa, Walton Counties CoC",73.0,73.0,0.0,32.0,41.0,53.0,7.0,14.0,0.0,133581,128963,4618,293635,2295.0,1913.0,382.0,64649.61220562944,210578.6464737763,354813.775981078,71.8
FL-506,Tallahassee/Leon County CoC,621.0,530.0,91.0,404.0,216.0,208.0,25.0,377.0,7.0,218060,208564,9496,446723,6040.0,5005.0,1035.0,50374.46173579601,109855.01744335791,205507.06677823424,71.8
FL-507,"Orlando/Orange, Osceola, Seminole Counties CoC",1544.0,1544.0,0.0,887.0,655.0,659.0,311.0,797.0,4.0,1177184,1117185,59999,2302957,10723.0,9907.0,816.0,53667.66832511419,205831.66892575708,310414.3740516911,71.8
FL-508,"Gainesville/Alachua, Putnam Counties CoC",677.0,313.0,364.0,461.0,214.0,367.0,46.0,267.0,3.0,200755,192307,8448,446390,6617.0,5425.0,1192.0,48250.35666793611,120039.17404700052,213236.85743554615,71.8
FL-509,"Fort Pierce/St. Lucie, Indian River, Martin Counties CoC",814.0,121.0,693.0,531.0,283.0,594.0,69.0,186.0,1.0,139333,133507,5826,324063,836.0,821.0,15.0,98651.59460660427,187455.28669676627,322294.2705937007,71.8
FL-510,"Jacksonville-Duval, Clay Counties CoC",1222.0,992.0,230.0,844.0,371.0,467.0,41.0,696.0,8.0,645091,617381,27710,1319178,17408.0,16865.0,543.0,55057.758576173954,154614.19536089493,251835.6232525188,71.80000000000001
FL-511,"Pensacola/Escambia, Santa Rosa Counties CoC",731.0,148.0,583.0,568.0,158.0,435.0,12.0,267.0,5.0,230670,220945,9725,517263,5255.0,4667.0,588.0,52546.02400326333,139956.04272525004,235770.79006315398,71.8
FL-513,"Palm Bay, Melbourne/Brevard County CoC",432.0,432.0,0.0,258.0,151.0,310.0,47.0,99.0,3.0,289818,277874,11944,617742,5628.0,5065.0,563.0,55477.0,185359.1980022633,283591.1747083992,71.8
FL-514,Ocala/Marion County CoC,512.0,302.0,210.0,317.0,194.0,321.0,39.0,155.0,0.0,143152,136025,7127,385084,2483.0,2160.0,323.0,45152.0,136820.90807478302,206112.81521722334,71.8
FL-515,"Panama City/Bay, Jackson Counties CoC",101.0,101.0,0.0,27.0,73.0,69.0,10.0,21.0,0.0,129531,124192,5339,298790,3472.0,2915.0,557.0,48073.95963050972,124476.5416122963,220084.82798490647,71.8
FL-517,"Hendry, Hardee, Highlands Counties CoC",27.0,27.0,0.0,0.0,27.0,15.0,7.0,7.0,0.0,81786,77321,4465,221126,714.0,639.0,75.0,39766.35644835976,96147.56452994295,174922.6353942365,71.8
FL-518,"Columbia, Hamilton, Lafayette, Suwannee Counties CoC",69.0,69.0,0.0,31.0,38.0,32.0,1.0,36.0,0.0,53727,51211,2516,135034,923.0,826.0,97.0,40053.77524179096,92488.47796246647,176797.29239158367,71.8
FL-519,Pasco County CoC,857.0,334.0,523.0,533.0,320.0,722.0,100.0,97.0,2.0,247604,236516,11088,584927,2447.0,1982.0,465.0,50479.0,160621.60155404612,264961.7598967235,71.8
FL-520,"Citrus, Hernando, Lake, Sumter Counties CoC",638.0,313.0,325.0,366.0,271.0,500.0,72.0,110.0,1.0,316402,300389,16013,889871,1722.0,1528.0,194.0,50325.89236642165,184630.89885329877,267135.0829113685,71.8
FL-600,Miami-Dade County CoC,3224.0,2332.0,892.0,2058.0,1161.0,1332.0,1016.0,1831.0,9.0,1323692,1250255,73437,2670421,49912.0,46418.0,3494.0,64849.0,219348.50448205404,362036.66668516694,71.8
FL-601,Ft Lauderdale/Broward County CoC,2561.0,794.0,1767.0,459.0,331.0,1084.0,118.0,562.0,11.0,1032694,981959,50735,1935729,16445.0,14636.0,1809.0,64453.0,169423.029655533,321600.109558865,71.8
FL-602,Punta Gorda/Charlotte County CoC,154.0,93.0,61.0,108.0,45.0,102.0,23.0,25.0,0.0,73472,70196,3276,194934,834.0,817.0,17.0,51677.0,173357.56944771274,271293.41060321307,71.8
FL-603,"Ft Myers, Cape Coral/Lee County CoC",394.0,177.0,217.0,244.0,150.0,241.0,68.0,142.0,0.0,359008,343793,15215,790676,5054.0,4548.0,506.0,62885.0,150665.95809250977,284865.8504460266,71.8
FL-604,Monroe County CoC,242.0,242.0,0.0,189.0,53.0,196.0,32.0,36.0,1.0,46003,44616,1387,82265,1378.0,1336.0,42.0,109136.0,446610.83491618466,697330.4387144109,71.8
FL-605,West Palm Beach/Palm Beach County CoC,458.0,458.0,0.0,229.0,224.0,162.0,67.0,276.0,5.0,735244,703046,32198,1503223,11727.0,10437.0,1290.0,100627.0,185817.11773094884,352210.9976945989,71.8
FL-606,Naples/Collier County CoC,568.0,424.0,144.0,311.0,257.0,402.0,171.0,115.0,7.0,181287,174491,6796,387241,969.0,901.0,68.0,117984.0,246814.938239856,429410.6442279116,71.8
GA-501,Georgia Balance of State CoC,1896.0,1896.0,0.0,711.0,1096.0,669.0,132.0,1093.0,30.0,3294461,3175910,118551,7095708,64859.0,55587.0,9272.0,48570.62290091419,146208.0004399656,228854.96346725806,62.33838848780135
GA-503,Athens-Clarke County CoC,133.0,133.0,0.0,59.0,73.0,49.0,6.0,80.0,0.0,58531,56275,2256,129185,2419.0,2177.0,242.0,40672.0,127859.80053218734,227194.1988854827,62.3
GA-504,Augusta-Richmond County CoC,144.0,144.0,0.0,102.0,42.0,37.0,5.0,105.0,0.0,83932,79496,4436,205358,7410.0,6594.0,816.0,43429.0,72584.56737552844,138467.23136687392,62.29999999999999
GA-505,Columbus-Muscogee/Russell County CoC,236.0,209.0,27.0,130.0,105.0,111.0,14.0,110.0,0.0,99758,95039,4719,263692,6942.0,5935.0,1007.0,46929.985316202234,58108.94086830959,133486.1289173167,62.38454499946908
GA-506,Marietta/Cobb County CoC,252.0,252.0,0.0,135.0,116.0,81.0,9.0,161.0,1.0,423814,410068,13746,766691,3411.0,3172.0,239.0,67616.0,227133.58737779595,328024.15833936207,62.3
GA-507,Savannah/Chatham County CoC,548.0,321.0,227.0,201.0,120.0,130.0,6.0,188.0,1.0,143440,137279,6161,295656,6148.0,5471.0,677.0,54586.0,130324.43523247328,221035.6596675899,62.300000000000004
HI-500,Hawaii Balance of State CoC,636.0,636.0,0.0,292.0,342.0,146.0,90.0,10.0,25.0,130088,121686,8402,277583,4930.0,4395.0,535.0,51650.28322699877,316947.12114886136,508325.68805604335,72.95
IA-500,"Sioux City/Dakota, Woodbury Counties CoC",233.0,217.0,16.0,144.0,89.0,115.0,41.0,47.0,10.0,66096,63606,2490,127072,2657.0,2349.0,308.0,50297.3735205238,90868.6159126691,153121.66231979086,48.43105892722237
IA-501,Iowa Balance of State CoC,1725.0,1331.0,394.0,984.0,738.0,1233.0,139.0,365.0,20.0,1257002,1209221,47781,2382633,30222.0,26056.0,4166.0,56173.84693740077,90182.30043223953,161661.2853941663,48.14
IA-502,Des Moines/Polk County CoC,576.0,458.0,118.0,393.0,181.0,405.0,53.0,109.0,11.0,270147,259270,10877,497675,5915.0,4850.0,1065.0,60799.0,139044.0795893141,220185.90391598424,48.14
ID-500,Boise/Ada County CoC,575.0,502.0,73.0,346.0,156.0,457.0,74.0,28.0,1.0,267054,258509,8545,512914,3307.0,3009.0,298.0,62610.0,378685.63374304253,482451.08157177496,46.32
ID-501,Idaho Balance of State CoC,1314.0,515.0,799.0,184.0,328.0,433.0,80.0,9.0,3.0,648711,625301,23410,1375144,9312.0,7972.0,1340.0,48647.187466912554,249651.8275773304,354869.25067022385,46.32
IL-500,McHenry County CoC,49.0,43.0,6.0,35.0,13.0,40.0,2.0,7.0,1.0,164803,156995,7808,311592,1657.0,1458.0,199.0,64119.0,166446.7929156528,244173.1886703826,51.37
IL-501,"Rockford/Winnebago, Boone Counties CoC",287.0,284.0,3.0,145.0,139.0,125.0,41.0,131.0,4.0,158659,145086,13573,336758,7085.0,6080.0,1005.0,51139.68426585263,80591.54693202986,141746.2022169875,51.370000000000005
IL-502,"Waukegan, North Chicago/Lake County CoC",372.0,372.0,0.0,184.0,187.0,133.0,49.0,224.0,2.0,366404,346754,19650,712160,8787.0,7820.0,967.0,89025.0,164336.5651229657,269567.3819286474,51.36999999999999
IL-503,"Champaign, Urbana, Rantoul/Champaign County CoC",148.0,146.0,2.0,86.0,61.0,48.0,16.0,93.0,1.0,108953,103518,5435,206708,2967.0,2640.0,327.0,54638.0,92876.45804392234,160155.4304285823,51.37
IL-504,Madison County CoC,42.0,42.0,0.0,20.0,22.0,32.0,0.0,9.0,0.0,132172,125585,6587,264898,3447.0,3136.0,311.0,55538.0,64371.04480380504,136912.20471011582,51.37
IL-506,"Joliet, Bolingbrook/Will County CoC",257.0,226.0,31.0,125.0,101.0,102.0,76.0,109.0,7.0,95672,91006,4666,187877,720.0,650.0,70.0,60817.51536909787,176911.27796258964,253924.12103607244,51.370000000000005
IL-507,"Peoria, Pekin/Fulton, Tazewell, Peoria, Woodford Counties CoC",202.0,182.0,20.0,117.0,85.0,119.0,10.0,74.0,2.0,177333,166610,10723,381850,8371.0,7465.0,906.0,55818.903378289906,57608.220968694186,115922.99068276711,51.37
IL-512,Bloomington/Central Illinois CoC,275.0,228.0,47.0,156.0,117.0,136.0,12.0,124.0,0.0,237639,224760,12879,496892,7934.0,6346.0,1588.0,55225.928582066124,69083.48547767727,128997.57248400972,51.37
IL-513,Springfield/Sangamon County CoC,189.0,160.0,29.0,124.0,64.0,122.0,7.0,59.0,1.0,98217,92683,5534,195422,4214.0,3750.0,464.0,57206.0,63133.02284243102,134582.02383734667,51.36999999999999
IL-515,South Central Illinois CoC,151.0,86.0,65.0,33.0,52.0,74.0,1.0,5.0,0.0,187189,178327,8862,385258,4476.0,3904.0,572.0,53702.354658436685,43716.08678253346,93415.26666133995,51.370000000000005
IL-516,Decatur/Macon County CoC,83.0,52.0,31.0,60.0,23.0,57.0,1.0,25.0,0.0,46509,42924,3585,102649,3010.0,2468.0,542.0,56548.0,29258.695136091545,79421.90814905505,51.37
IL-518,"Rock Island, Moline/Northwestern Illinois CoC",95.0,95.0,0.0,55.0,40.0,48.0,12.0,37.0,5.0,254088,240363,13725,534973,10026.0,8885.0,1141.0,52277.91549293142,58274.025765535254,110151.95031317708,51.37
IL-519,West Central Illinois CoC,111.0,110.0,1.0,51.0,59.0,87.0,11.0,15.0,0.0,100184,95702,4482,210407,3907.0,3423.0,484.0,52304.050739756756,45131.673019295275,93921.98358357708,51.37
IL-520,Southern Illinois CoC,159.0,159.0,0.0,73.0,86.0,122.0,3.0,25.0,1.0,220336,208491,11845,484009,9298.0,8159.0,1139.0,48943.80028883761,34446.83143117507,81824.43057473616,51.37
IN-502,Indiana Balance of State CoC,3047.0,2385.0,662.0,1790.0,1244.0,2328.0,151.0,579.0,22.0,2631268,2534574,96694,5373151,64468.0,56660.0,7808.0,55100.03222522501,120020.67634931694,195311.89089015833,51.81
IN-503,Indianapolis CoC,1928.0,1665.0,263.0,1303.0,621.0,782.0,86.0,1040.0,21.0,502338,478125,24213,971647,16600.0,14442.0,2158.0,65625.0,105915.16936153377,181345.68255206198,51.81
KS-502,Wichita/Sedgwick County CoC,419.0,419.0,0.0,290.0,124.0,242.0,51.0,120.0,6.0,255879,244066,11813,524481,5288.0,4864.0,424.0,57713.0,90138.26104040725,166361.91971942637,54.68
KS-503,Topeka/Shawnee County CoC,294.0,191.0,103.0,214.0,79.0,196.0,24.0,61.0,0.0,91820,88910,2910,178367,3282.0,2527.0,755.0,54066.0,74788.3787216152,150203.77739051313,54.68
KS-505,"Overland Park, Shawnee/Johnson County CoC",157.0,125.0,32.0,80.0,77.0,77.0,12.0,52.0,1.0,345753,336251,9502,614848,3409.0,3272.0,137.0,84535.0,247256.3253591732,346727.49834937043,54.68
KS-507,Kansas Balance of State CoC,783.0,783.0,0.0,441.0,341.0,580.0,89.0,109.0,5.0,729300,707745,21555,1452936,17908.0,14747.0,3161.0,51417.38186334429,81423.32252371572,147367.897600436,54.68
KY-500,Kentucky Balance of State CoC,969.0,969.0,0.0,523.0,444.0,798.0,37.0,124.0,3.0,1462267,1396845,65422,3408738,56657.0,50091.0,6566.0,48118.92098894077,80122.47034374296,150462.38569349181,55.62
KY-501,Louisville-Jefferson County CoC,1013.0,756.0,257.0,630.0,380.0,481.0,49.0,455.0,9.0,392078,374258,17820,777378,21389.0,19250.0,2139.0,61474.0,116749.4558631201,202729.83490332877,55.62
KY-502,Lexington-Fayette County CoC,562.0,562.0,0.0,377.0,184.0,380.0,38.0,162.0,3.0,172829,166438,6391,320473,6422.0,6036.0,386.0,59987.0,148102.5722397632,230891.9780994875,55.61999999999999
MA-500,Boston CoC,4548.0,4378.0,170.0,2354.0,2184.0,1508.0,1618.0,2355.0,45.0,452475,426490,25985,771765,53664.0,49907.0,3757.0,98644.0,430029.1307651131,619151.0661060518,48.14
MA-502,Lynn CoC,943.0,927.0,16.0,390.0,537.0,644.0,96.0,266.0,5.0,422709,396815,25894,807485,20388.0,19164.0,1224.0,78093.0,380297.99593472533,542986.4136108961,48.14
MA-503,Cape Cod Islands CoC,343.0,315.0,28.0,172.0,169.0,281.0,20.0,41.0,2.0,121575,113723,7852,253703,3807.0,3252.0,555.0,83453.09130361091,411397.6704618334,589353.1846872024,48.14
MA-504,Springfield/Hampden County CoC,2248.0,2218.0,30.0,1053.0,1191.0,1629.0,1302.0,463.0,4.0,226252,209869,16383,462849,20246.0,18626.0,1620.0,61522.0,193869.4241222739,258603.48160018746,48.14
MA-505,New Bedford CoC,372.0,329.0,43.0,185.0,187.0,210.0,110.0,95.0,0.0,298839,280006,18833,579895,14983.0,14084.0,899.0,64924.0,297188.0667535281,401993.69427109,48.14
MA-506,Worcester City & County CoC,1196.0,949.0,247.0,617.0,572.0,831.0,446.0,289.0,26.0,443413,418305,25108,862132,18214.0,17667.0,547.0,65793.0,260398.15609790874,364228.21912803774,48.14000000000001
MA-507,"Pittsfield/Berkshire, Franklin, Hampshire Counties CoC",425.0,375.0,50.0,254.0,164.0,316.0,105.0,59.0,3.0,191545,181534,10011,362652,7610.0,7014.0,596.0,62771.980532300935,208439.78700554892,300364.93444241065,48.14
MA-509,Cambridge CoC,411.0,322.0,89.0,265.0,141.0,246.0,82.0,140.0,7.0,905149,864550,40599,1617099,33442.0,31101.0,2341.0,98523.0,414476.17205152754,624736.7427176156,48.14
MA-511,"Quincy, Brockton, Weymouth, Plymouth City and County CoC",943.0,907.0,36.0,439.0,502.0,430.0,151.0,468.0,7.0,283210,266532,16678,532919,9423.0,8951.0,472.0,79817.0,353246.8380792408,482948.42479903897,48.14
MA-515,Fall River CoC,324.0,236.0,88.0,162.0,160.0,219.0,84.0,92.0,0.0,298839,280006,18833,579895,14983.0,14084.0,899.0,64924.0,297188.0667535281,401993.69427109,48.14
MA-519,"Attleboro, Taunton/Bristol County CoC",224.0,216.0,8.0,105.0,119.0,126.0,39.0,92.0,1.0,298839,280006,18833,579895,14983.0,14084.0,899.0,64924.0,297188.0667535281,401993.69427109,48.14
MD-503,Annapolis/Anne Arundel County CoC,244.0,172.0,72.0,149.0,95.0,117.0,19.0,98.0,3.0,312824,299102,13722,592052,5970.0,5373.0,597.0,76059.0,284633.36987624835,408011.20439852844,54.61
MD-504,Howard County CoC,82.0,82.0,0.0,45.0,36.0,32.0,6.0,44.0,1.0,186764,179263,7501,335287,3670.0,3082.0,588.0,86380.0,339479.2942397793,506572.0594361897,54.61
MD-505,Baltimore County CoC,270.0,178.0,92.0,165.0,103.0,121.0,22.0,138.0,3.0,444843,421591,23252,850634,12394.0,10534.0,1860.0,69561.0,186917.97768322274,284311.1323345524,54.61
MD-506,Carroll County CoC,85.0,67.0,18.0,47.0,38.0,69.0,6.0,9.0,0.0,93937,90301,3636,174208,1479.0,1271.0,208.0,69397.0,264655.97179870907,384316.9769843815,54.61000000000001
MD-509,Frederick City & County CoC,225.0,169.0,56.0,131.0,65.0,111.0,99.0,64.0,1.0,134692,128703,5989,280410,2371.0,2086.0,285.0,68704.0,271989.7126450275,395052.00028232584,54.61
MD-511,Mid-Shore Regional CoC,122.0,113.0,9.0,63.0,59.0,52.0,2.0,60.0,0.0,59888,56926,2962,123088,1714.0,1518.0,196.0,65457.692252697256,155277.2827441815,275695.3427783677,54.61
MD-513,"Wicomico, Somerset, Worcester Counties CoC",214.0,169.0,45.0,138.0,76.0,94.0,7.0,111.0,0.0,84170,78844,5326,182079,2816.0,2329.0,487.0,50572.428797390145,126393.61788559478,221975.6645789094,54.61000000000001
MD-601,Montgomery County CoC,577.0,509.0,68.0,366.0,210.0,159.0,92.0,367.0,16.0,546559,518901,27658,1055924,12801.0,11520.0,1281.0,92740.0,326983.1007495208,534411.7631025678,54.61
ME-500,Maine Balance of State CoC,2063.0,2063.0,0.0,1099.0,952.0,1657.0,54.0,268.0,10.0,685168,653340,31828,1377238,27040.0,24103.0,2937.0,58475.83000759491,190910.04992710886,283248.5368952159,43.09
MI-500,Michigan Balance of State CoC,1014.0,1014.0,0.0,493.0,520.0,849.0,49.0,91.0,7.0,857088,806492,50596,1949248,23030.0,21037.0,1993.0,49149.048786506384,73280.41465410485,146377.40345369343,46.64
MI-501,Detroit CoC,1293.0,1293.0,0.0,841.0,450.0,136.0,34.0,1124.0,8.0,795757,733422,62335,1773073,43811.0,38553.0,5258.0,50610.0,48051.40990855033,129424.30540098889,46.64
MI-502,"Dearborn, Dearborn Heights, Westland/Wayne County CoC",169.0,147.0,22.0,100.0,68.0,70.0,6.0,88.0,2.0,795757,733422,62335,1773073,43811.0,38553.0,5258.0,50610.0,48051.40990855033,129424.30540098889,46.64
MI-503,"St. Clair Shores, Warren/Macomb County CoC",330.0,330.0,0.0,188.0,142.0,119.0,6.0,196.0,0.0,439919,414146,25773,877385,9068.0,8161.0,907.0,54258.0,126408.38842931046,206484.10844492304,46.64
MI-504,"Pontiac, Royal Oak/Oakland County CoC",333.0,333.0,0.0,159.0,173.0,69.0,17.0,252.0,0.0,660789,630128,30661,1271891,11824.0,10405.0,1419.0,80962.0,180505.67164144572,294113.35310897575,46.64
MI-505,Flint/Genesee County CoC,336.0,289.0,47.0,189.0,147.0,113.0,17.0,201.0,3.0,175248,162185,13063,404662,6126.0,5329.0,797.0,49399.0,41865.4343188453,138155.79573243196,46.64
MI-506,"Grand Rapids, Wyoming/Kent County CoC",894.0,825.0,69.0,539.0,349.0,355.0,97.0,481.0,3.0,349619,333242,16377,659000,11109.0,9998.0,1111.0,61852.0,184564.70993188038,263151.22954801837,46.64
MI-507,"Portage, Kalamazoo City & County CoC",342.0,342.0,0.0,173.0,167.0,118.0,15.0,208.0,5.0,128361,121925,6436,260688,4151.0,3860.0,291.0,58524.0,121379.58212586316,204150.35436750305,46.64
MI-508,"Lansing, East Lansing/Ingham County CoC",372.0,358.0,14.0,217.0,153.0,167.0,30.0,151.0,1.0,141934,134011,7923,271427,6106.0,5434.0,672.0,49608.0,83541.25061449668,158238.8443642073,46.64
MI-509,Washtenaw County CoC,269.0,249.0,20.0,141.0,104.0,75.0,10.0,142.0,3.0,188812,180627,8185,364998,6347.0,5585.0,762.0,68688.0,200778.68996301063,322403.3291588181,46.63999999999999
MI-510,Saginaw City & County CoC,331.0,331.0,0.0,153.0,178.0,109.0,18.0,211.0,0.0,81642,75966,5676,189590,4088.0,3760.0,328.0,49274.0,43952.03100046119,112163.59365743438,46.64
MI-511,Lenawee County CoC,97.0,97.0,0.0,42.0,55.0,76.0,10.0,5.0,2.0,44574,42137,2437,99202,597.0,549.0,48.0,46929.0,88633.03731045268,170694.51504403932,46.64
MI-512,"Grand Traverse, Antrim, Leelanau Counties CoC",202.0,202.0,0.0,131.0,70.0,168.0,19.0,7.0,0.0,84195,79553,4642,178721,1018.0,892.0,126.0,59789.340681844886,159382.82771021142,275833.92564817163,46.64
MI-514,Battle Creek/Calhoun County CoC,149.0,143.0,6.0,97.0,52.0,101.0,8.0,39.0,0.0,59353,55512,3841,133878,2342.0,2131.0,211.0,47789.0,64339.22814594827,128376.22007081806,46.64
MI-515,Monroe City & County CoC,103.0,103.0,0.0,43.0,59.0,60.0,5.0,36.0,1.0,72122,67771,4351,155646,1912.0,1739.0,173.0,53509.0,122422.99168008151,197721.5255426192,46.64
MI-516,"Norton Shores, Muskegon City & County CoC",105.0,76.0,29.0,31.0,45.0,38.0,3.0,31.0,0.0,75488,69977,5511,176612,2506.0,2305.0,201.0,46701.0,89268.51631683142,170646.06275975585,46.64
MI-517,Jackson City & County CoC,119.0,119.0,0.0,62.0,56.0,84.0,12.0,23.0,0.0,71930,67825,4105,160266,2555.0,2299.0,256.0,47503.0,84842.09019940204,166198.64575483132,46.64
MI-518,Livingston County CoC,77.0,73.0,4.0,33.0,44.0,71.0,2.0,4.0,0.0,101971,97724,4247,195277,391.0,355.0,36.0,65883.0,212769.6518299887,315140.47106142464,46.63999999999999
MI-519,Holland/Ottawa County CoC,139.0,139.0,0.0,75.0,64.0,101.0,20.0,20.0,11.0,156982,150580,6402,298317,1072.0,1007.0,65.0,56076.0,202691.6373573185,275723.67646979145,46.64
MI-523,Eaton County CoC,83.0,83.0,0.0,32.0,51.0,50.0,2.0,16.0,0.0,54195,51306,2889,109030,1079.0,960.0,119.0,50743.0,130154.36011613104,201351.52775450994,46.64
MN-500,Minneapolis/Hennepin County CoC,2369.0,2369.0,0.0,1340.0,1014.0,562.0,162.0,1446.0,34.0,692722,666210,26512,1266736,26480.0,24361.0,2119.0,85505.0,236629.10606109243,337518.5665033911,42.98
MN-501,St. Paul/Ramsey County CoC,1872.0,1558.0,314.0,1127.0,735.0,555.0,160.0,922.0,91.0,281195,269271,11924,542861,15619.0,13900.0,1719.0,62594.0,208951.91399384988,285693.9287926153,42.98
MN-502,Rochester/Southeast Minnesota CoC,419.0,419.0,0.0,205.0,213.0,274.0,51.0,97.0,7.0,376802,363932,12870,689850,10111.0,8779.0,1332.0,58494.57147640792,148436.91916784208,226086.46122018213,42.98
MN-503,"Dakota, Anoka, Washington, Scott, Carver Counties CoC",610.0,610.0,0.0,291.0,316.0,316.0,62.0,189.0,26.0,714728,689794,24934,1345033,10099.0,9489.0,610.0,68554.08247158249,251851.1078371497,344427.29719796905,42.98
MN-504,Northeast Minnesota CoC,73.0,73.0,0.0,22.0,51.0,55.0,4.0,2.0,0.0,60516,57627,2889,126034,1987.0,1731.0,256.0,51364.00904517828,100358.71659015027,185335.01269117554,42.98
MN-505,St. Cloud/Central Minnesota CoC,536.0,536.0,0.0,249.0,283.0,321.0,37.0,108.0,3.0,403143,386205,16938,774000,7025.0,6253.0,772.0,55033.483855297156,183663.60553472184,266588.5687494019,42.98
MN-506,Northwest Minnesota CoC,249.0,249.0,0.0,119.0,128.0,122.0,34.0,17.0,1.0,87086,83444,3642,163958,3223.0,2685.0,538.0,57681.97458495468,91058.34436378721,174415.83105677093,42.98
MN-508,Moorhead/West Central Minnesota CoC,186.0,186.0,0.0,93.0,91.0,89.0,22.0,45.0,0.0,134873,130346,4527,251682,4583.0,3738.0,845.0,55563.463243299084,132211.75784511224,227163.23989144975,42.98
MN-511,Southwest Minnesota CoC,113.0,113.0,0.0,49.0,64.0,81.0,35.0,14.0,11.0,146411,141207,5204,272508,4533.0,3781.0,752.0,58586.404402806525,86600.73209468358,164766.33656712188,42.98
MO-503,"St. Charles City & County, Lincoln, Warren Counties CoC",456.0,346.0,110.0,202.0,252.0,336.0,14.0,97.0,0.0,47877,45892,1985,98183,1669.0,1140.0,529.0,48547.29610013954,143022.6029590914,228424.46237494782,54.7
MO-600,"Springfield/Greene, Christian, Webster Counties CoC",583.0,517.0,66.0,316.0,265.0,455.0,26.0,50.0,0.0,216205,209368,6837,432239,2737.0,2421.0,316.0,49616.245662700494,125502.62718269211,196647.88293191174,54.7
MO-602,"Joplin/Jasper, Newton Counties CoC",210.0,175.0,35.0,131.0,79.0,161.0,17.0,24.0,0.0,83289,80334,2955,182762,2375.0,2124.0,251.0,44291.86157406901,90863.37894046455,156455.69160529907,54.7
MO-603,"St. Joseph/Andrew, Buchanan, DeKalb Counties CoC",150.0,118.0,32.0,79.0,71.0,112.0,4.0,23.0,0.0,56213,54260,1953,113372,2361.0,2086.0,275.0,46224.2218096179,65967.99362741748,139583.76695128833,54.699999999999996
MO-606,Missouri Balance of State CoC,764.0,764.0,0.0,344.0,415.0,517.0,15.0,185.0,4.0,1139252,1095272,43980,2439184,28230.0,23574.0,4656.0,46691.33613290346,91632.19369645213,166375.9778663424,54.7
MS-500,"Jackson/Rankin, Madison Counties CoC",147.0,147.0,0.0,101.0,44.0,63.0,0.0,82.0,1.0,260910,247937,12973,561987,11082.0,10042.0,1040.0,53240.311085487745,88072.28323238346,160624.66416517057,63.5
MS-501,Mississippi Balance of State CoC,268.0,145.0,123.0,154.0,114.0,127.0,6.0,129.0,1.0,780494,737142,43352,1861483,34605.0,31772.0,2833.0,44203.38264974754,71230.08271675071,129863.78775219724,63.5
MS-503,Gulf Port/Gulf Coast Regional CoC,211.0,67.0,144.0,115.0,96.0,148.0,24.0,55.0,0.0,204772,193247,11525,500013,10208.0,9508.0,700.0,44113.1801613158,88443.86010665682,160008.11477116885,63.5
MT-500,Montana Statewide CoC,1801.0,1168.0,633.0,678.0,487.0,843.0,90.0,62.0,2.0,550557,531928,18629,1106227,13938.0,11663.0,2275.0,56954.83047511948,234656.48921750212,349541.4200151036,44.18
NC-500,Winston-Salem/Forsyth County CoC,462.0,323.0,139.0,333.0,128.0,222.0,13.0,234.0,1.0,182861,173726,9135,386172,8065.0,6532.0,1533.0,56378.0,113754.18705801769,201081.0389803102,58.7
NC-501,Asheville/Buncombe County CoC,527.0,411.0,116.0,391.0,134.0,369.0,15.0,125.0,1.0,136559,130767,5792,271719,4422.0,3935.0,487.0,57895.0,246545.22425174728,354384.4985899231,58.7
NC-502,Durham City & County CoC,396.0,278.0,118.0,256.0,139.0,106.0,14.0,276.0,0.0,171066,163761,7305,329699,5438.0,4839.0,599.0,60330.0,216154.0187803187,311960.0951782736,58.7
NC-503,North Carolina Balance of State CoC,1520.0,1520.0,0.0,787.0,732.0,768.0,94.0,651.0,11.0,2290537,2175312,115225,5202303,63724.0,55643.0,8081.0,50370.89591321382,115747.54609909671,205766.16377526516,58.7
NC-504,"Greensboro, High Point CoC",482.0,419.0,63.0,292.0,189.0,119.0,19.0,348.0,2.0,253775,239373,14402,542756,10385.0,9034.0,1351.0,54651.0,104076.20527510122,196541.84553122576,58.7
NC-505,Charlotte/Mecklenburg County CoC,1947.0,1678.0,269.0,1175.0,766.0,292.0,74.0,1561.0,16.0,622240,591711,30529,1125809,10878.0,7505.0,3373.0,71836.0,226655.61159423963,321347.269703355,58.7
NC-506,"Wilmington/Brunswick, New Hanover, Pender Counties CoC",301.0,179.0,122.0,179.0,121.0,176.0,9.0,105.0,1.0,205584,195741,9843,437816,4614.0,3459.0,1155.0,55621.078772817804,205926.96817839734,317769.17764792964,58.70000000000001
NC-507,Raleigh/Wake County CoC,912.0,439.0,473.0,403.0,505.0,147.0,60.0,716.0,4.0,594548,570431,24117,1152357,7428.0,6982.0,446.0,71205.0,259460.6331796783,377843.39985701395,58.7
NC-509,"Gastonia/Cleveland, Gaston, Lincoln Counties CoC",277.0,83.0,194.0,190.0,87.0,194.0,1.0,78.0,0.0,201287,191210,10077,421525,4815.0,4430.0,385.0,49265.168965067314,117058.65372795136,212251.97221011555,58.7
NC-511,Fayetteville/Cumberland County CoC,54.0,54.0,0.0,22.0,32.0,7.0,4.0,38.0,0.0,125488,116860,8628,337249,4137.0,3888.0,249.0,46992.0,77504.35587619354,147989.78115880632,58.7
NC-513,Chapel Hill/Orange County CoC,176.0,140.0,36.0,126.0,50.0,48.0,8.0,118.0,0.0,77576,74759,2817,148610,1192.0,1060.0,132.0,74994.0,217850.64381304706,369095.2355872115,58.7
NC-516,Northwest North Carolina CoC,195.0,88.0,107.0,35.0,53.0,79.0,9.0,4.0,0.0,93274,89221,4053,209870,2796.0,2563.0,233.0,45222.00192500119,134712.01988678714,231959.63189506702,58.7
ND-500,North Dakota Statewide CoC,548.0,474.0,74.0,309.0,237.0,272.0,57.0,88.0,4.0,376004,364609,11395,711418,13429.0,9918.0,3511.0,64245.58407574731,140416.921459389,222291.44996610275,40.8
NE-500,Nebraska Balance of State CoC,425.0,398.0,27.0,237.0,186.0,347.0,71.0,26.0,2.0,457499,446573,10926,839152,11585.0,9986.0,1599.0,58724.20101006731,91875.54989012118,167312.36460304176,49.88000000000001
NE-501,"Omaha, Council Bluffs CoC",1190.0,1096.0,94.0,790.0,395.0,722.0,124.0,340.0,14.0,449707,435593,14114,872699,13203.0,11340.0,1863.0,64486.455289853664,155973.8220497332,235275.85562090657,49.69370992747786
NE-502,Lincoln CoC,320.0,282.0,38.0,183.0,137.0,202.0,63.0,64.0,10.0,178718,174040,4678,323420,4611.0,4011.0,600.0,56782.0,167459.1973390463,236669.45726347275,49.88
NH-500,New Hampshire Balance of State CoC,775.0,580.0,195.0,440.0,333.0,705.0,22.0,32.0,8.0,519467,502018,17449,963009,13745.0,12570.0,1175.0,73826.27857060525,245198.11860177017,353846.5689824975,44.49
NH-501,Manchester CoC,519.0,414.0,105.0,288.0,230.0,433.0,111.0,46.0,6.0,237396,229102,8294,424496,8359.0,7690.0,669.0,71849.0,276217.09020389017,378804.1519416881,44.489999999999995
NH-502,Nashua/Hillsborough County CoC,197.0,177.0,20.0,115.0,82.0,165.0,34.0,12.0,2.0,237396,229102,8294,424496,8359.0,7690.0,669.0,71849.0,276217.09020389017,378804.1519416881,44.489999999999995
NJ-500,Atlantic City & County CoC,326.0,204.0,122.0,240.0,85.0,153.0,43.0,148.0,12.0,122443,110426,12017,275130,7549.0,6718.0,831.0,58310.0,141011.94100242687,243645.37683075247,51.93
NJ-501,Bergen County CoC,279.0,274.0,5.0,130.0,147.0,140.0,69.0,115.0,7.0,494034,462974,31060,954879,11653.0,11070.0,583.0,97343.0,395081.90426350804,534866.683675327,51.93
NJ-502,Burlington County CoC,604.0,596.0,8.0,275.0,329.0,204.0,88.0,338.0,3.0,242415,228857,13558,464411,1859.0,1784.0,75.0,69496.0,182539.20181097122,279776.83436830726,51.93
NJ-503,"Camden City & County/Gloucester, Cape May, Cumberland Counties CoC",935.0,826.0,109.0,543.0,388.0,480.0,166.0,398.0,1.0,541587,502975,38612,1076601,21380.0,19805.0,1575.0,60832.56554563854,145555.59992126073,245729.52103731123,51.93
NJ-504,Newark/Essex County CoC,1888.0,1797.0,91.0,1198.0,684.0,304.0,255.0,1522.0,8.0,386907,354945,31962,854121,34772.0,30947.0,3825.0,74310.0,297949.80249154504,458753.4945038287,51.93
NJ-506,"Jersey City, Bayonne/Hudson County CoC",882.0,726.0,156.0,631.0,251.0,363.0,294.0,481.0,11.0,371485,345305,26180,703447,24795.0,22811.0,1984.0,72046.0,326361.6711795875,492332.9065648012,51.93
NJ-507,New Brunswick/Middlesex County CoC,628.0,491.0,137.0,377.0,251.0,318.0,208.0,291.0,7.0,453523,426211,27312,862328,10378.0,9859.0,519.0,70221.0,277510.10107198026,388388.33335415047,51.93
NJ-508,Monmouth County CoC,322.0,296.0,26.0,182.0,140.0,139.0,47.0,160.0,0.0,340808,320957,19851,646392,10592.0,9532.0,1060.0,92119.0,337101.8669954311,516571.07790707774,51.93000000000001
NJ-509,Morris County CoC,268.0,234.0,34.0,158.0,110.0,183.0,59.0,69.0,2.0,263377,249549,13828,510444,3870.0,3676.0,194.0,107767.0,336288.30339733174,486394.83237800375,51.93
NJ-510,Lakewood Township/Ocean County CoC,369.0,354.0,15.0,170.0,199.0,227.0,64.0,108.0,2.0,292423,274068,18355,649741,5727.0,5440.0,287.0,60823.0,241988.50381292406,372252.20203039824,51.93000000000001
NJ-511,Paterson/Passaic County CoC,324.0,251.0,73.0,208.0,116.0,105.0,125.0,189.0,0.0,250793,229185,21608,518345,11905.0,10833.0,1072.0,59559.0,298621.7128339658,403335.0943196349,51.93
NJ-512,Salem County CoC,18.0,11.0,7.0,7.0,11.0,4.0,8.0,6.0,0.0,30533,28202,2331,65058,1434.0,1362.0,72.0,57547.0,98399.2887557263,182853.29439574658,51.93
NJ-513,Somerset County CoC,226.0,226.0,0.0,121.0,105.0,76.0,37.0,141.0,4.0,175699,166299,9400,346331,2292.0,2177.0,115.0,113975.0,305346.99405733106,460360.09641968645,51.92999999999999
NJ-514,Trenton/Mercer County CoC,393.0,393.0,0.0,245.0,148.0,115.0,66.0,263.0,4.0,212695,201071,11624,382116,8117.0,7548.0,569.0,77911.0,145826.79622910114,288133.9884219223,51.93
NJ-515,Elizabeth/Union County CoC,571.0,557.0,14.0,313.0,257.0,178.0,136.0,376.0,3.0,286173,266350,19823,572810,9546.0,8591.0,955.0,77007.0,315856.53116548056,433356.58808487747,51.93
NJ-516,"Warren, Sussex, Hunterdon Counties CoC",229.0,207.0,22.0,107.0,121.0,155.0,30.0,64.0,2.0,201218,189845,11373,385807,3585.0,3424.0,161.0,78586.40380552971,223374.99932153392,344505.0531811775,51.92999999999999
NM-500,Albuquerque CoC,1567.0,1154.0,413.0,1005.0,546.0,982.0,762.0,146.0,5.0,334317,312649,21668,674980,9446.0,8029.0,1417.0,53616.0,193533.08580140033,263107.199419615,53.07
NM-501,New Mexico Balance of State CoC,1180.0,818.0,362.0,641.0,526.0,719.0,597.0,53.0,7.0,505069,467244,37825,1206674,13708.0,10993.0,2715.0,49487.960726758014,136965.04689339234,222612.7608908129,53.07
NV-500,Las Vegas/Clark County CoC,5083.0,2289.0,2794.0,3574.0,1488.0,2706.0,880.0,1609.0,115.0,1097343,1010123,87220,2295194,16667.0,16000.0,667.0,58276.0,244766.76965200814,348602.2767874441,57.3
NV-501,"Reno, Sparks/Washoe County CoC",1708.0,928.0,780.0,570.0,352.0,645.0,181.0,187.0,25.0,251733,241420,10313,494281,5102.0,4387.0,715.0,71436.0,336918.44987354043,471643.78182054654,57.3
NV-502,Nevada Balance of State CoC,299.0,76.0,223.0,36.0,39.0,73.0,12.0,1.0,1.0,148956,142680,6276,354285,2079.0,1554.0,525.0,57220.182528190584,229148.23535169105,345224.3277541142,57.3
NY-500,"Rochester, Irondequoit, Greece/Monroe County CoC",521.0,488.0,33.0,318.0,198.0,202.0,93.0,286.0,1.0,363970,345113,18857,756547,18466.0,16250.0,2216.0,60046.0,126872.06151600482,193446.55898615337,48.17
NY-501,"Elmira/Steuben, Allegany, Livingston, Chemung, Schuyler Counties CoC",256.0,245.0,11.0,136.0,106.0,211.0,6.0,27.0,2.0,134438,127808,6630,302285,5214.0,4671.0,543.0,51237.77924806061,75201.57594613322,129750.71517384463,48.17
NY-503,Albany City & County CoC,723.0,674.0,49.0,573.0,146.0,296.0,71.0,389.0,7.0,158446,151431,7015,316301,8588.0,7213.0,1375.0,70947.0,190677.84021175475,267870.58303139603,48.17
NY-505,"Syracuse, Auburn/Onondaga, Oswego, Cayuga Counties CoC",469.0,457.0,12.0,266.0,196.0,261.0,52.0,159.0,2.0,310389,294835,15554,666009,15125.0,13561.0,1564.0,57701.50154877787,109443.56648695857,167533.2266702287,48.17
NY-507,Schenectady City & County CoC,266.0,246.0,20.0,167.0,79.0,104.0,39.0,123.0,3.0,77664,73829,3835,160214,3804.0,3385.0,419.0,62484.0,149750.79358960027,215014.02355506702,48.17
NY-508,"Buffalo, Niagara Falls/Erie, Niagara, Orleans, Genesee, Wyoming Counties CoC",663.0,663.0,0.0,406.0,256.0,295.0,76.0,311.0,10.0,605163,572672,32491,1303957,31421.0,27545.0,3876.0,55979.04368702342,131172.2913003036,201795.01847140075,48.17
NY-510,Ithaca/Tompkins County CoC,144.0,123.0,21.0,93.0,51.0,92.0,11.0,41.0,0.0,49783,47908,1875,106044,2766.0,2517.0,249.0,51377.0,167670.3065320541,253301.7363795561,48.17
NY-511,"Binghamton, Union Town/Broome, Otsego, Chenango, Delaware, Cortland, Tioga Counties CoC",318.0,318.0,0.0,211.0,106.0,242.0,23.0,56.0,0.0,195264,185710,9554,445427,5866.0,4914.0,952.0,50963.05788153839,89082.41747455714,143142.77365695476,48.17
NY-512,Troy/Rensselaer County CoC,173.0,158.0,15.0,73.0,98.0,92.0,30.0,64.0,0.0,81726,78127,3599,160740,3559.0,2882.0,677.0,58126.0,158195.539627351,230022.16491391519,48.17
NY-513,"Wayne, Ontario, Seneca, Yates Counties CoC",309.0,309.0,0.0,167.0,138.0,232.0,38.0,53.0,1.0,125668,120157,5511,262071,4147.0,3723.0,424.0,55948.09062811223,117484.73377761905,189486.30395092093,48.17
NY-514,"Jamestown, Dunkirk/Chautauqua County CoC",107.0,107.0,0.0,49.0,57.0,91.0,38.0,10.0,0.0,53569,50589,2980,126785,2703.0,2486.0,217.0,47642.0,63941.43374867265,119060.49416197265,48.17
NY-518,"Utica, Rome/Oneida, Madison Counties CoC",143.0,143.0,0.0,94.0,49.0,89.0,16.0,38.0,3.0,161154,152895,8259,357421,8258.0,6995.0,1263.0,53266.48321727039,97146.75423525399,156605.504262869,48.17
NY-519,"Columbia, Greene Counties CoC",117.0,117.0,0.0,69.0,48.0,81.0,14.0,23.0,5.0,51060,48857,2203,110532,1427.0,1384.0,43.0,61205.03997937249,197223.6933511838,297015.4032403347,48.169999999999995
NY-520,"Franklin, Essex Counties CoC",40.0,40.0,0.0,29.0,10.0,26.0,2.0,2.0,0.0,36170,34441,1729,84332,2003.0,1815.0,188.0,51068.45738272542,78228.90526517245,152492.62970329457,48.17
NY-522,"Jefferson, Lewis, St. Lawrence Counties CoC",93.0,77.0,16.0,48.0,29.0,61.0,1.0,16.0,0.0,55724,52885,2839,144425,3190.0,2894.0,296.0,53407.588748485374,94275.96148949604,158821.64755647944,48.17000000000001
NY-523,"Glens Falls, Saratoga Springs/Saratoga, Washington, Warren, Hamilton Counties CoC",237.0,230.0,7.0,153.0,75.0,193.0,35.0,27.0,1.0,181901,174362,7539,369824,4046.0,3602.0,444.0,68640.39005581033,192802.58347885087,285611.2207716916,48.17
NY-600,New York City CoC,68358.0,65975.0,2383.0,37726.0,30174.0,13003.0,24831.0,49370.0,829.0,4091972,3681366,410606,8459001,389968.0,355299.0,34669.0,83588.86510747546,351237.7463599424,643032.8933006594,48.17
NY-601,Poughkeepsie/Dutchess County CoC,536.0,516.0,20.0,289.0,225.0,243.0,84.0,230.0,1.0,144326,137869,6457,298039,4675.0,3927.0,748.0,67256.0,261816.16158434705,358469.599080679,48.17
NY-602,"Newburgh, Middletown/Orange County CoC",280.0,242.0,38.0,174.0,106.0,132.0,43.0,117.0,1.0,186835,178023,8812,404997,5481.0,4658.0,823.0,58883.0,222204.5035499439,324080.0580119311,48.17
NY-603,"Nassau, Suffolk Counties CoC",3050.0,2912.0,138.0,1560.0,1487.0,1081.0,613.0,1737.0,17.0,1501614,1433461,68153,2924230,25030.0,21872.0,3158.0,90008.95050184151,422993.293646709,554825.5626083261,48.169999999999995
NY-604,"Yonkers, Mount Vernon/Westchester County CoC",1383.0,1287.0,96.0,716.0,661.0,377.0,385.0,961.0,1.0,487910,464437,23473,999607,24029.0,20905.0,3124.0,119705.0,443892.6188268804,662407.4739403655,48.17
NY-606,Rockland County CoC,53.0,53.0,0.0,34.0,19.0,30.0,17.0,17.0,0.0,156366,149461,6905,339256,6510.0,5663.0,847.0,69173.0,367004.488437022,519164.57735971874,48.17
NY-608,Kingston/Ulster County CoC,340.0,340.0,0.0,168.0,170.0,183.0,54.0,106.0,1.0,87347,83249,4098,183704,3448.0,2965.0,483.0,60557.0,214113.68610551828,315126.7999439831,48.17
OH-500,Cincinnati/Hamilton County CoC,1016.0,985.0,31.0,624.0,390.0,313.0,16.0,660.0,1.0,415252,395045,20207,827501,25488.0,22939.0,2549.0,67845.0,123716.64533961132,201219.47633175782,50.88
OH-501,Toledo/Lucas County CoC,383.0,383.0,0.0,209.0,173.0,174.0,18.0,190.0,2.0,204500,191793,12707,429360,12263.0,11281.0,982.0,54105.0,49799.186766235216,123485.285939494,50.88
OH-502,Cleveland/Cuyahoga County CoC,1557.0,1557.0,0.0,1012.0,535.0,434.0,129.0,1088.0,10.0,596287,558946,37341,1247808,38740.0,35640.0,3100.0,62790.0,82008.63283391362,156582.84933017677,50.88
OH-503,Columbus/Franklin County CoC,1365.0,1365.0,0.0,826.0,536.0,375.0,68.0,872.0,18.0,707069,671944,35125,1317560,24305.0,21388.0,2917.0,58689.0,134653.8875611062,230163.7262042646,50.88
OH-504,Youngstown/Mahoning County CoC,62.0,62.0,0.0,14.0,46.0,29.0,21.0,21.0,1.0,98540,92283,6257,226443,5192.0,4568.0,624.0,50968.0,43490.90389316377,111527.70290051727,50.88
OH-505,"Dayton, Kettering/Montgomery County CoC",568.0,568.0,0.0,317.0,248.0,271.0,5.0,247.0,1.0,246953,233108,13845,536169,12093.0,10883.0,1210.0,54822.0,69550.08290136985,141144.08842488079,50.88
OH-506,Akron/Summit County CoC,394.0,315.0,79.0,245.0,149.0,229.0,4.0,144.0,1.0,264828,250394,14434,537247,14039.0,13477.0,562.0,60771.0,82097.67127837507,164117.48674799208,50.88
OH-507,Ohio Balance of State CoC,2336.0,2336.0,0.0,1193.0,1137.0,1728.0,133.0,460.0,8.0,2499929,2376371,123558,5249576,77011.0,68139.0,8872.0,52008.751542600774,95328.55119767289,170279.50030440706,50.88
OH-508,"Canton, Massillon, Alliance/Stark County CoC",234.0,191.0,43.0,109.0,124.0,110.0,8.0,94.0,2.0,182086,172558,9528,373659,6573.0,5849.0,724.0,52426.0,78422.29581056352,155008.45166339687,50.88
OK-500,North Central Oklahoma CoC,132.0,121.0,11.0,69.0,63.0,111.0,7.0,6.0,0.0,98974,95330,3644,218676,2226.0,2063.0,163.0,46778.13992847866,54158.457253088105,124515.51179195904,60.14
OK-501,Tulsa City & County CoC,1043.0,756.0,287.0,663.0,372.0,611.0,65.0,207.0,11.0,324695,311008,13687,673961,12035.0,10590.0,1445.0,66535.0,95664.39521500084,178497.92575479063,60.14
OK-503,Oklahoma Balance of State CoC,125.0,125.0,0.0,75.0,49.0,88.0,52.0,25.0,0.0,150989,145769,5220,314799,2825.0,2544.0,281.0,48728.957493511734,56337.0811617132,130940.60332241886,60.14
OK-504,Norman/Cleveland County CoC,106.0,106.0,0.0,60.0,46.0,74.0,9.0,20.0,2.0,144833,139956,4877,298099,2338.0,2080.0,258.0,49946.0,136076.9067458979,195260.3060821104,60.14
OK-505,Northeast Oklahoma CoC,79.0,79.0,0.0,34.0,43.0,61.0,3.0,2.0,0.0,131238,126094,5144,293545,2414.0,2136.0,278.0,49148.50111567221,64103.628131776124,132894.11439605756,60.14
OK-506,Southwest Oklahoma Regional CoC,61.0,61.0,0.0,15.0,46.0,38.0,12.0,15.0,1.0,175710,168765,6945,401177,3956.0,3575.0,381.0,47661.94845168093,50967.97587818301,117261.42442238494,60.14
OK-507,Southeastern Oklahoma Regional CoC,476.0,411.0,65.0,264.0,212.0,286.0,15.0,65.0,0.0,259249,247825,11424,599260,9416.0,8081.0,1335.0,44985.668272536124,52612.93867950769,119614.71565774216,60.12928470113139
OR-500,"Eugene, Springfield/Lane County CoC",2317.0,327.0,1990.0,1514.0,789.0,1930.0,205.0,71.0,5.0,182572,172491,10081,384063,5072.0,4767.0,305.0,55146.0,295895.00511904305,387257.3675873032,51.27
OR-501,"Portland, Gresham/Multnomah County CoC",1780.0,1780.0,0.0,1159.0,577.0,1192.0,231.0,289.0,17.0,461480,436178,25302,805593,16835.0,14983.0,1852.0,70331.0,364851.47139241156,481646.2567207959,51.269999999999996
OR-502,"Medford, Ashland/Jackson County CoC",773.0,349.0,424.0,477.0,291.0,651.0,179.0,26.0,6.0,107177,101312,5865,224327,3078.0,2800.0,278.0,56842.0,290332.1598388072,386299.15607798245,51.27
OR-503,Central Oregon CoC,1116.0,318.0,798.0,692.0,416.0,928.0,102.0,29.0,2.0,123740,116907,6833,256233,1632.0,1496.0,136.0,63619.20130506219,359900.06947669183,510685.4189739523,51.27
OR-505,Oregon Balance of State CoC,1305.0,1305.0,0.0,758.0,534.0,1127.0,92.0,23.0,6.0,721329,682541,38788,1557916,21975.0,18715.0,3260.0,52484.74326664596,254964.16620205247,349650.7905723069,51.27
OR-506,"Hillsboro, Beaverton/Washington County CoC",716.0,359.0,357.0,470.0,242.0,589.0,115.0,50.0,6.0,327552,313117,14435,602494,4272.0,3716.0,556.0,71537.0,387904.2197743676,508524.3929607801,51.27
OR-507,Clackamas County CoC,492.0,191.0,301.0,235.0,255.0,391.0,68.0,27.0,3.0,222801,211961,10840,423763,2992.0,2603.0,389.0,71504.0,391585.7053475432,529654.9571526434,51.27
PA-501,Harrisburg/Dauphin County CoC,358.0,322.0,36.0,236.0,122.0,129.0,39.0,183.0,1.0,145287,136639,8648,288187,6650.0,5852.0,798.0,58741.0,108736.30373543117,194292.48666099986,49.8
PA-502,"Upper Darby, Chester, Haverford/Delaware County CoC",279.0,229.0,50.0,122.0,132.0,80.0,14.0,170.0,1.0,298233,280675,17558,576772,7191.0,6471.0,720.0,77180.0,139513.0893022339,265821.3481777878,49.8
PA-503,"Wilkes-Barre, Hazleton/Luzerne County CoC",138.0,138.0,0.0,61.0,76.0,86.0,19.0,44.0,0.0,157636,145451,12185,325889,9059.0,8062.0,997.0,52300.0,70757.58293906176,135887.0789798218,49.8
PA-504,"Lower Merion, Norristown, Abington/Montgomery County CoC",261.0,221.0,40.0,132.0,126.0,98.0,24.0,152.0,1.0,459375,437689,21686,864022,5886.0,4885.0,1001.0,88671.0,242530.49873162617,367238.0508471588,49.79999999999999
PA-505,Chester County CoC,327.0,327.0,0.0,201.0,126.0,164.0,41.0,151.0,2.0,288974,277371,11603,540864,3905.0,3280.0,625.0,95483.0,273397.20160833077,420932.4274873122,49.8
PA-506,Reading/Berks County CoC,513.0,506.0,7.0,326.0,187.0,358.0,206.0,117.0,0.0,212766,199614,13152,429612,4347.0,3999.0,348.0,57970.0,128411.70303845889,216829.3800711714,49.8
PA-508,Scranton/Lackawanna County CoC,165.0,157.0,8.0,97.0,66.0,126.0,18.0,31.0,2.0,103916,97207,6709,215957,6488.0,5839.0,649.0,54380.0,80623.31962552655,149092.5371359427,49.8
PA-509,Eastern Pennsylvania CoC,1396.0,1396.0,0.0,700.0,692.0,984.0,309.0,332.0,2.0,1540199,1452429,87770,3140395,42847.0,37700.0,5147.0,55739.485306466224,125535.84653315296,199772.62374097263,49.8
PA-510,Lancaster City & County CoC,394.0,394.0,0.0,176.0,218.0,224.0,126.0,148.0,3.0,287023,273538,13485,556049,4101.0,3731.0,370.0,61547.0,190986.71616580815,270902.93383211625,49.8
PA-511,"Bristol, Bensalem/Bucks County CoC",282.0,259.0,23.0,154.0,128.0,145.0,31.0,98.0,0.0,345392,328006,17386,647159,5768.0,4556.0,1212.0,83011.0,274023.94219812285,392851.95602938643,49.8
PA-512,York City & County CoC,237.0,219.0,18.0,109.0,128.0,107.0,46.0,90.0,1.0,236762,224527,12235,459148,3574.0,3216.0,358.0,57870.0,147491.35130886224,224470.5247771222,49.8
PA-600,"Pittsburgh, McKeesport, Penn Hills/Allegheny County CoC",692.0,627.0,65.0,421.0,266.0,270.0,48.0,349.0,5.0,634367,597797,36570,1245445,34697.0,30186.0,4511.0,70580.0,98395.54436606244,191076.63974386337,49.8
PA-601,Western Pennsylvania CoC,603.0,577.0,26.0,326.0,248.0,475.0,22.0,73.0,0.0,802196,750725,51471,1696866,29799.0,26448.0,3351.0,56184.91212859472,66643.80683114067,138392.58703591747,49.8
PA-603,Beaver County CoC,138.0,136.0,2.0,52.0,86.0,76.0,3.0,47.0,0.0,82117,76567,5550,166914,4014.0,3652.0,362.0,56452.0,80633.88238907357,148948.6821715569,49.8
PA-605,Erie City & County CoC,254.0,254.0,0.0,170.0,84.0,136.0,16.0,97.0,1.0,127008,118260,8748,269300,6217.0,5719.0,498.0,52747.0,87099.0947249505,152788.18884138382,49.8
RI-500,Rhode Island Statewide CoC,1267.0,1086.0,181.0,739.0,522.0,777.0,307.0,320.0,5.0,571697,540181,31516,1096985,38346.0,35205.0,3141.0,64384.74688714978,264944.2324282305,356452.6935546349,49.27
SC-500,Charleston/Low Country CoC,274.0,192.0,82.0,183.0,90.0,104.0,12.0,137.0,3.0,506788,488652,18136,1093908,12129.0,10936.0,1193.0,60922.45050772094,206014.20129816546,333414.31818577106,61.70000000000001
SC-501,"Greenville, Anderson, Spartanburg/Upstate CoC",783.0,783.0,0.0,536.0,247.0,369.0,42.0,376.0,1.0,717947,691022,26925,1587310,20385.0,18826.0,1559.0,49731.9038858194,105726.95129247557,197438.15405060034,61.7
SC-502,Columbia/Midlands CoC,938.0,695.0,243.0,429.0,265.0,200.0,12.0,473.0,3.0,732227,703607,28620,1574021,20263.0,17839.0,2424.0,52620.64264326842,99215.86844011123,196690.0704956812,61.7
SC-503,"Myrtle Beach, Sumter City & County CoC",1212.0,372.0,840.0,626.0,580.0,563.0,27.0,591.0,1.0,397013,377782,19231,938027,11412.0,10170.0,1242.0,47020.246466253106,88822.8665394757,172100.4519192195,61.699999999999996
SD-500,South Dakota Statewide CoC,817.0,817.0,0.0,458.0,356.0,256.0,49.0,56.0,7.0,431487,420398,11089,808692,13442.0,11298.0,2144.0,65731.97853694609,148776.91170875434,233784.3541016549,45.54
TN-500,Chattanooga/Southeast Tennessee CoC,1482.0,255.0,1227.0,1085.0,397.0,1266.0,15.0,207.0,1.0,327916,313431,14485,713770,11951.0,10354.0,1597.0,52292.49907393138,114111.849226935,210475.34348335708,58.10999999999999
TN-501,Memphis/Shelby County CoC,739.0,537.0,202.0,519.0,202.0,167.0,5.0,545.0,0.0,446842,415557,31285,923352,17990.0,16191.0,1799.0,59212.0,72972.88876334579,176319.38582085414,58.11
TN-502,Knoxville/Knox County CoC,786.0,545.0,241.0,303.0,241.0,400.0,31.0,112.0,0.0,246907,238402,8505,486812,11360.0,9201.0,2159.0,59934.0,146527.31079868527,246999.3240443912,58.11
TN-503,Central Tennessee CoC,292.0,232.0,60.0,142.0,150.0,142.0,13.0,142.0,0.0,613593,590086,23507,1297168,10483.0,9667.0,816.0,61322.542915798105,196468.64403577356,319774.57004201424,58.11000000000001
TN-504,Nashville-Davidson County CoC,1107.0,1107.0,0.0,802.0,301.0,528.0,34.0,535.0,13.0,404212,386522,17690,703372,18130.0,16317.0,1813.0,82087.0,237468.49850007516,337803.01513001043,58.11
TN-506,Upper Cumberland CoC,382.0,155.0,227.0,96.0,58.0,145.0,3.0,9.0,1.0,238914,229320,9594,540577,5122.0,4758.0,364.0,47499.84419980872,137371.50908847593,227167.63719762766,58.11
TN-507,Jackson/West Tennessee CoC,891.0,114.0,777.0,485.0,406.0,531.0,15.0,327.0,4.0,290269,276609,13660,668755,10786.0,10034.0,752.0,47310.91435877115,60996.70163622911,136964.91182483968,58.10999999999999
TN-509,Appalachian Regional CoC,310.0,199.0,111.0,203.0,106.0,268.0,6.0,29.0,0.0,222947,213348,9599,519112,8277.0,7522.0,755.0,46741.51545331258,85569.96029795827,160946.02086481554,58.11
TN-510,Murfreesboro/Rutherford County CoC,362.0,177.0,185.0,213.0,144.0,269.0,16.0,79.0,0.0,189949,183066,6883,351202,2209.0,1943.0,266.0,49411.0,229994.93046109405,313989.9282890871,58.11
TN-512,"Morristown/Blount, Sevier, Campbell, Cocke Counties CoC",472.0,122.0,350.0,178.0,293.0,431.0,22.0,32.0,0.0,310887,298029,12858,689697,8155.0,7391.0,764.0,48071.03240263478,116486.61335756154,212499.4522461481,58.11
TX-500,San Antonio/Bexar County CoC,1499.0,1499.0,0.0,904.0,589.0,1128.0,744.0,340.0,8.0,953045,902092,50953,2030895,27250.0,23162.0,4088.0,51780.0,143967.57537008173,226187.66751502376,65.97
TX-503,Austin/Travis County CoC,2954.0,716.0,2238.0,1636.0,1301.0,1644.0,960.0,1083.0,17.0,778563,747009,31554,1308544,10981.0,9333.0,1648.0,81708.0,325763.89740576176,477344.4391402937,65.97
TX-600,"Dallas City & County, Irving CoC",4570.0,3138.0,1432.0,3209.0,1342.0,1822.0,552.0,2523.0,58.0,1976453,1873813,102640,3702404,36450.0,30600.0,5850.0,73659.22213567185,213023.98459269205,308943.7371167026,65.97
TX-601,"Fort Worth, Arlington/Tarrant County CoC",1300.0,821.0,479.0,775.0,524.0,637.0,162.0,611.0,9.0,72275,69048,3227,156966,583.0,536.0,47.0,65358.0,198495.81778912293,329042.9037806708,65.97
TX-603,El Paso City & County CoC,528.0,528.0,0.0,304.0,222.0,479.0,399.0,27.0,2.0,366812,344209,22603,868086,14266.0,12554.0,1712.0,44064.0,110485.87060957962,158863.7764535393,65.97
TX-604,Waco/McLennan County CoC,143.0,102.0,41.0,87.0,56.0,106.0,46.0,33.0,0.0,171978,163353,8625,377647,4992.0,4513.0,479.0,48951.538304289454,93672.32956019821,181770.578319293,65.96999999999998
TX-607,Texas Balance of State CoC,2562.0,2562.0,0.0,1268.0,1281.0,1718.0,855.0,723.0,21.0,4283426,4012557,270869,9615919,108218.0,93622.0,14596.0,51156.78140134084,106167.2851207667,191501.56424231332,65.97
TX-624,"Wichita Falls/Wise, Palo Pinto, Wichita, Archer Counties CoC",156.0,156.0,0.0,82.0,74.0,131.0,27.0,21.0,1.0,147908,140332,7576,332992,4325.0,3774.0,551.0,51896.121912838746,75800.14663801696,155830.11272641187,65.97000000000001
TX-700,"Houston, Pasadena, Conroe/Harris, Fort Bend, Montgomery Counties CoC",3047.0,1537.0,1510.0,1943.0,1092.0,1211.0,411.0,1724.0,35.0,705064,663950,41114,1510385,4180.0,3891.0,289.0,67164.7831791232,210417.07090933088,305381.7165223902,65.97
TX-701,"Bryan, College Station/Brazos Valley CoC",49.0,33.0,16.0,21.0,12.0,17.0,3.0,16.0,0.0,172743,164777,7966,357419,3762.0,3329.0,433.0,47107.73862889214,130348.2842304289,223208.5458967467,65.97
UT-500,Salt Lake City & County CoC,2314.0,1691.0,623.0,998.0,677.0,1275.0,382.0,205.0,21.0,656258,637796,18462,1186440,9491.0,8921.0,570.0,62547.0,355291.92876782804,471571.2137645073,49.55
UT-503,Utah Balance of State CoC,1056.0,617.0,439.0,306.0,309.0,525.0,147.0,40.0,4.0,655973,637388,18585,1385957,7728.0,6270.0,1458.0,48706.267156196045,288441.93802005105,388832.60320112004,49.55
UT-504,Provo/Mountainland CoC,195.0,102.0,93.0,53.0,49.0,89.0,23.0,7.0,1.0,42075,40853,1222,79428,4.0,0.0,4.0,132563.03691393463,444249.8564076723,809223.3696589177,49.55
VA-500,"Richmond/Henrico, Chesterfield, Hanover Counties CoC",834.0,736.0,98.0,409.0,322.0,144.0,11.0,554.0,6.0,467024,450055,16969,904245,6145.0,5530.0,615.0,69470.60293504526,214004.84397597375,307465.1090654741,55.54
VA-501,"Norfolk/Chesapeake, Suffolk, Isle of Wight, Southampton Counties CoC",564.0,564.0,0.0,342.0,221.0,127.0,21.0,402.0,3.0,19379,18706,673,39393,365.0,321.0,44.0,63005.0,135248.831173795,311833.3093847646,55.53999999999999
VA-502,"Roanoke City & County, Salem CoC",250.0,238.0,12.0,167.0,83.0,155.0,11.0,78.0,2.0,19491,18891,600,38853,29.0,18.0,11.0,56674.24397086454,102267.71130728498,223674.23910764,55.540000000000006
VA-504,Charlottesville CoC,177.0,149.0,28.0,104.0,72.0,104.0,8.0,63.0,2.0,51530,49831,1699,102657,386.0,337.0,49.0,53134.31006166165,181648.61567615691,282121.7623318896,55.53999999999999
VA-508,Lynchburg CoC,47.0,34.0,13.0,31.0,15.0,27.0,2.0,19.0,0.0,59446,57334,2112,128076,515.0,472.0,43.0,50314.80029045254,128982.72965686728,230076.80820472955,55.53999999999999
VA-513,"Harrisonburg, Winchester/Western Virginia CoC",267.0,267.0,0.0,162.0,104.0,198.0,15.0,41.0,0.0,61559,59263,2296,124503,558.0,506.0,52.0,55262.472968522845,183042.2530870617,277906.7975969944,55.54
VA-514,"Fredericksburg/Spotsylvania, Stafford Counties CoC",180.0,162.0,18.0,120.0,60.0,92.0,13.0,65.0,0.0,102418,98683,3735,220508,678.0,616.0,62.0,60949.95025123805,280783.8861996532,401093.0435570503,55.54
VA-521,Virginia Balance of State CoC,870.0,801.0,69.0,453.0,416.0,539.0,41.0,259.0,8.0,427243,410175,17068,941894,7560.0,6794.0,766.0,50994.1697324752,114831.40229024035,205204.8394623733,55.54
VA-600,Arlington County CoC,171.0,144.0,27.0,111.0,60.0,51.0,31.0,92.0,10.0,152740,148157,4583,233574,2856.0,2656.0,200.0,107603.0,406514.702480017,739913.7400205323,55.54
VA-602,Loudoun County CoC,80.0,52.0,28.0,21.0,30.0,23.0,5.0,23.0,0.0,225653,218649,7004,428435,964.0,636.0,328.0,90254.0,454658.2327671012,649794.0504497256,55.54
VT-500,Vermont Balance of State CoC,1891.0,1891.0,0.0,1019.0,863.0,1716.0,64.0,84.0,7.0,240701,231146,9555,477701,8282.0,7180.0,1102.0,59742.59659075447,155861.6066767995,247558.16820741317,43.74
VT-501,Burlington/Chittenden County CoC,700.0,700.0,0.0,391.0,304.0,550.0,47.0,95.0,18.0,95121,92206,2915,169271,4866.0,4087.0,779.0,67921.0,266702.8588534157,371555.7107264833,43.74
WA-500,Seattle/King County CoC,5183.0,5183.0,0.0,2921.0,2204.0,2327.0,769.0,1920.0,113.0,1279701,1226727,52974,2253038,36098.0,33210.0,2888.0,108212.0,477463.48885491147,735602.8976676222,50.47
WA-501,Washington Balance of State CoC,3462.0,3462.0,0.0,1872.0,1557.0,2687.0,679.0,262.0,33.0,1054278,992264,62014,2298090,22254.0,19046.0,3208.0,57322.686326471114,281479.845409661,406619.99478598154,50.47
WA-502,Spokane City & County CoC,992.0,992.0,0.0,593.0,383.0,735.0,115.0,110.0,8.0,259279,245137,14142,545498,7557.0,7103.0,454.0,53770.0,255270.50698979,360195.40158284386,50.47
WA-503,"Tacoma, Lakewood/Pierce County CoC",1005.0,1005.0,0.0,582.0,417.0,501.0,148.0,213.0,12.0,445825,418632,27193,927199,10238.0,9111.0,1127.0,61580.0,375217.06640185666,483155.90337461635,50.47
WA-504,Everett/Snohomish County CoC,494.0,494.0,0.0,280.0,209.0,336.0,51.0,62.0,16.0,437436,416470,20966,836037,8905.0,8192.0,713.0,68858.0,442772.7316117696,610609.1685000224,50.47
WA-508,Vancouver/Clark County CoC,375.0,375.0,0.0,188.0,187.0,285.0,46.0,28.0,2.0,243695,230205,13490,512588,4564.0,3651.0,913.0,63427.0,360690.6229038445,452996.1547911743,50.47
WI-500,Wisconsin Balance of State CoC,2420.0,2291.0,129.0,1297.0,1114.0,1598.0,203.0,448.0,15.0,2158912,2081229,77683,4102676,45121.0,39319.0,5802.0,58940.38960327357,139223.10829491416,222667.92647153375,44.71
WI-501,Milwaukee City & County CoC,817.0,800.0,17.0,501.0,310.0,302.0,108.0,475.0,6.0,464620,439453,25167,924207,22290.0,19392.0,2898.0,55927.0,119120.81823952455,196973.91479911702,44.71
WI-502,Racine City & County CoC,145.0,137.0,8.0,98.0,46.0,77.0,12.0,54.0,0.0,98417,93755,4662,196439,3084.0,2806.0,278.0,56884.0,119963.27778860222,199356.95618004334,44.71
WI-503,Madison/Dane County CoC,855.0,768.0,87.0,503.0,346.0,375.0,52.0,397.0,6.0,328495,319051,9444,561724,6608.0,5815.0,793.0,71062.0,246941.73523105765,347353.1984421851,44.71
WV-500,"Wheeling, Weirton Area CoC",86.0,86.0,0.0,49.0,35.0,68.0,3.0,8.0,1.0,62608,58878,3730,136981,3812.0,3322.0,490.0,52268.89205802265,51588.36159758173,110881.32834811768,53.08
WV-501,"Huntington/Cabell, Wayne Counties CoC",170.0,75.0,95.0,120.0,48.0,145.0,6.0,11.0,0.0,56356,53616,2740,132027,4189.0,3872.0,317.0,47301.74467343801,52763.90230421137,113918.9601209574,53.07999999999999
WV-503,"Charleston/Kanawha, Putnam, Boone, Clay Counties CoC",263.0,234.0,29.0,170.0,93.0,196.0,2.0,61.0,0.0,116705,110662,6043,264610,6556.0,6103.0,453.0,53775.17565851631,69000.0564552301,127392.76563283526,53.080000000000005
WV-508,West Virginia Balance of State CoC,619.0,428.0,191.0,356.0,262.0,525.0,12.0,60.0,3.0,543087,515851,27236,1251908,19483.0,17582.0,1901.0,47081.60571863108,79797.77144376059,142878.8006588724,53.08
WY-500,Wyoming Statewide CoC,405.0,405.0,0.0,165.0,239.0,360.0,30.0,8.0,0.0,289152,275747,13405,579483,5759.0,5363.0,396.0,69669.88270061417,198046.19514627906,307706.02238652966,43.47
