coc_number,coc_name,overall_homeless,sheltered_total_homeless,unsheltered_homeless,overall_homeless_male,overall_homeless_female,overall_homeless_white,overall_homeless_hispanic_latino,overall_homeless_black_african_american_or_african,overall_homeless_asian_or_asian_american,labor_force,employed,unemployed,population,affordable_units_total,affordable_units_occupied,affordable_units_vacant,per_capita_income,zhvi_bottom_tier_value,zhvi_all_homes_value,zori_rent_value
AK-501,Alaska Balance of State CoC,630.0,630.0,0.0,372.0,258.0,282.0,32.0,40.0,18.0,45067,42741,2326,95528,993,943,50,65314.0,140328.4582066732,261018.0352524053,1440.8320217450607
AL-500,"Birmingham/Jefferson, St. Clair, Shelby Counties CoC",875.0,556.0,319.0,627.0,242.0,343.0,24.0,507.0,2.0,439729,425849,13880,897425,20203,17826,2377,62872.523817589215,92572.22129759338,195068.95936552787,1177.9646087957847
AL-501,Mobile City & County/Baldwin County CoC,219.0,219.0,0.0,123.0,96.0,95.0,1.0,116.0,2.0,290667,278942,11725,652378,14205,11772,2433,49441.667261924835,104727.19475461825,196266.1729327486,1170.7383524329134
AL-503,Huntsville/North Alabama CoC,300.0,300.0,0.0,174.0,126.0,149.0,12.0,132.0,1.0,300645,292920,7725,627377,7294,6353,941,55787.814151618564,116731.9150028232,219000.27139389844,1106.1112103728967
AL-504,Montgomery City & County CoC,215.0,215.0,0.0,125.0,90.0,63.0,4.0,143.0,0.0,171748,164990,6758,374900,5615,5468,147,49323.03768471593,68080.53870351592,145161.86567072998,882.70298888218
AL-506,Tuscaloosa City & County CoC,37.0,37.0,0.0,29.0,8.0,7.0,2.0,28.0,0.0,101686,98093,3593,235668,4890,4156,734,43439.0,72498.57690003373,182657.78550965854,1313.9002345083188
AL-507,Alabama Balance of State CoC,190.0,92.0,98.0,85.0,105.0,97.0,4.0,80.0,1.0,299980,290151,9829,708565,11984,10075,1909,45278.44252538581,83945.42499946416,162326.35981918598,385.24527692087213
AR-500,Little Rock/Central Arkansas CoC,401.0,401.0,0.0,262.0,139.0,209.0,10.0,173.0,3.0,277513,265385,12128,598154,11084,9593,1491,55057.455645201735,79371.46274247454,162121.56432197033,1017.0720960836077
AR-501,Fayetteville/Northwest Arkansas CoC,157.0,157.0,0.0,83.0,73.0,125.0,11.0,20.0,1.0,297966,289193,8773,606452,3664,3151,513,68406.87692348282,158556.15976355856,235087.5087153235,1111.3221719938701
AR-503,Arkansas Balance of State CoC,1190.0,662.0,528.0,734.0,455.0,877.0,97.0,276.0,3.0,186650,179495,7155,401575,5413,4964,449,45136.82410259603,94930.57907260397,170397.2193847455,911.2506894373935
AZ-500,Arizona Balance of State CoC,989.0,989.0,0.0,573.0,411.0,567.0,214.0,77.0,7.0,446568,415278,31290,1041555,5820,5428,392,46825.748860117805,208750.25575718255,322609.7676660097,1357.2455936520469
AZ-501,Tucson/Pima County CoC,821.0,821.0,0.0,468.0,343.0,604.0,303.0,120.0,2.0,483156,458436,24720,1048895,9240,8500,740,52942.0,195464.47069312303,279050.1750871648,1339.5647136057503
AZ-502,"Phoenix, Mesa/Maricopa County CoC",3650.0,3650.0,0.0,2033.0,1605.0,1969.0,949.0,1194.0,36.0,2320686,2213563,107123,4494693,24174,21514,2660,59759.0,279316.4889737172,382900.0261707652,1657.2502417656476
CA-500,San Jose/Santa Clara City & County CoC,2301.0,2301.0,0.0,1417.0,862.0,1404.0,1148.0,302.0,152.0,1012385,963744,48641,1886595,24617,22893,1724,138724.0,843067.0179432413,1297744.250207016,2868.06968795066
CA-502,"Oakland, Berkeley/Alameda County CoC",2546.0,2546.0,0.0,1492.0,1030.0,714.0,396.0,1442.0,69.0,812967,763473,49494,1643837,34702,30537,4165,99746.0,649355.3518550418,984525.5472136809,2648.0333872540004
CA-503,Sacramento City & County CoC,1885.0,1885.0,0.0,900.0,962.0,876.0,322.0,700.0,30.0,719721,669851,49870,1588106,19802,17623,2179,61829.0,351030.73222782114,465702.34784039814,1901.3758243780214
CA-504,"Santa Rosa, Petaluma/Sonoma County CoC",787.0,787.0,0.0,454.0,328.0,574.0,221.0,56.0,9.0,243679,230168,13511,484315,6627,5898,729,81006.0,513648.0947180655,724274.8013237859,2298.643885993275
CA-505,Richmond/Contra Costa County CoC,820.0,820.0,0.0,468.0,348.0,357.0,178.0,295.0,22.0,543996,509294,34702,1163298,15365,13982,1383,99312.0,522209.3693553732,765624.8795061515,2715.8381350757677
CA-506,"Salinas/Monterey, San Benito Counties CoC",678.0,678.0,0.0,360.0,318.0,560.0,407.0,56.0,17.0,244056,224175,19881,503924,6076,4498,1578,64165.996660210665,501830.8657157232,698064.3850410745,1931.3500490794947
CA-507,Marin County CoC,225.0,225.0,0.0,124.0,100.0,155.0,86.0,41.0,5.0,129479,123589,5890,259162,3712,3452,260,164118.0,784860.0110989087,1296494.4509589258,3577.0790905244194
CA-508,Watsonville/Santa Cruz City & County CoC,800.0,800.0,0.0,479.0,318.0,656.0,307.0,54.0,6.0,133124,123902,9222,260495,6266,5764,502,85554.0,642024.4789311141,991617.9680153629,3021.449176493692
CA-510,"Turlock, Modesto/Stanislaus County CoC",2927.0,726.0,2201.0,1337.0,1586.0,2119.0,1228.0,374.0,53.0,240200,220161,20039,552851,6472,6083,389,52356.0,307047.53732839454,394834.2556299625,1737.571887417368
CA-511,Stockton/San Joaquin County CoC,885.0,885.0,0.0,554.0,330.0,558.0,334.0,226.0,24.0,336882,307953,28929,788140,7904,6639,1265,57783.0,332876.271636912,469924.6227720012,2200.3463815290957
CA-512,Daly City/San Mateo County CoC,621.0,621.0,0.0,343.0,273.0,355.0,207.0,136.0,38.0,433387,413318,20069,739060,6810,6197,613,160485.0,949568.7376591642,1429258.0836164148,3033.2518541452478
CA-513,"Visalia/Kings, Tulare Counties CoC",494.0,494.0,0.0,276.0,217.0,402.0,253.0,46.0,2.0,256686,229974,26712,629625,5666,4759,907,46819.61367480643,197160.89843828886,279867.87874853343,1176.6309555426103
CA-514,Fresno City & County/Madera County CoC,999.0,999.0,0.0,559.0,431.0,698.0,478.0,207.0,15.0,506737,460626,46111,1171902,18755,17288,1467,50653.82557073885,222542.85987804524,324873.2169853842,1388.8115278879004
CA-515,"Roseville, Rocklin/Placer, Nevada Counties CoC",708.0,357.0,351.0,406.0,298.0,557.0,122.0,60.0,10.0,236945,224646,12299,516246,2315,2069,246,75270.62974240963,451683.7970692149,611826.9544114673,1922.473892820585
CA-516,"Redding/Shasta, Siskiyou, Lassen, Plumas, Del Norte, Modoc, Sierra Counties CoC",792.0,792.0,0.0,429.0,362.0,587.0,129.0,18.0,9.0,82149,76549,5600,213794,3131,2620,511,52653.96060693939,215506.57880256613,316536.84396321996,1097.5413624770613
CA-517,Napa City & County CoC,200.0,200.0,0.0,129.0,70.0,167.0,54.0,9.0,0.0,68555,64394,4161,136206,1911,1452,459,90608.0,588773.861785653,822109.2550060436,2665.5736730930425
CA-518,Vallejo/Solano County CoC,397.0,397.0,0.0,222.0,173.0,163.0,57.0,164.0,18.0,200674,185789,14885,450350,6994,5245,1749,65448.0,424546.41043083573,532120.8299622867,2128.975744604909
CA-519,"Chico, Paradise/Butte County CoC",499.0,499.0,0.0,240.0,254.0,397.0,66.0,31.0,5.0,92217,85857,6360,206190,3122,2809,313,54694.0,236003.38410527314,371912.0429343351,1495.9407158759477
CA-520,Merced City & County CoC,835.0,380.0,455.0,206.0,174.0,289.0,190.0,58.0,7.0,115207,103311,11896,284458,3599,3023,576,46580.0,262852.45979421795,344168.5386955925,1664.9690965806049
CA-521,"Davis, Woodland/Yolo County CoC",373.0,373.0,0.0,196.0,174.0,268.0,106.0,69.0,2.0,106662,100331,6331,213039,3036,2489,547,64468.0,391963.1653564098,535910.0166012713,2140.3783788443657
CA-522,Humboldt County CoC,272.0,272.0,0.0,188.0,84.0,242.0,23.0,1.0,2.0,58907,55194,3713,134836,2081,1498,583,53607.0,243780.45636734125,370311.7904514941,0.0
CA-524,Yuba City & County/Sutter County CoC,1074.0,235.0,839.0,542.0,530.0,653.0,218.0,98.0,8.0,76355,69685,6670,182254,1991,1823,168,51175.55823191809,273386.9740458299,373962.4154851793,0.0
CA-525,El Dorado County CoC,99.0,99.0,0.0,53.0,45.0,83.0,9.0,5.0,0.0,91879,86553,5326,193590,847,753,94,78525.0,411148.97960971296,609854.5408061463,2213.2502682018726
CA-527,Tehama County CoC,267.0,49.0,218.0,175.0,92.0,240.0,28.0,6.0,3.0,25616,23772,1844,65380,669,608,61,48042.0,161879.41225413964,287304.17423115624,0.0
CA-529,Lake County CoC,306.0,75.0,231.0,198.0,105.0,220.0,55.0,10.0,0.0,28445,26275,2170,68584,478,415,63,46918.0,187280.1345650172,301854.1118710988,1456.9595615498833
CA-600,Los Angeles City & County CoC,17225.0,17225.0,0.0,9005.0,8026.0,7901.0,6672.0,8201.0,205.0,4993482,4547611,445871,9811842,149158,132750,16408,74141.0,509813.76876137464,736521.3657569654,2492.656997852841
CA-601,San Diego City and County CoC,4143.0,4143.0,0.0,2412.0,1710.0,2691.0,1384.0,1044.0,91.0,1547828,1447539,100289,3274954,41098,38221,2877,72637.0,509683.47739259386,733991.9445434302,2498.6324591960233
CA-602,"Santa Ana, Anaheim/Orange County CoC",2441.0,2441.0,0.0,1265.0,1171.0,1889.0,1108.0,305.0,73.0,1560697,1467342,93355,3161005,28174,24511,3663,81034.0,597969.212966238,853958.048971993,2638.2808766722214
CA-603,Santa Maria/Santa Barbara County CoC,500.0,500.0,0.0,315.0,179.0,407.0,233.0,48.0,4.0,219871,207164,12707,437434,7956,7239,717,73995.0,451651.77535936836,724926.6914022098,2925.158371024752
CA-604,Bakersfield/Kern County CoC,2150.0,569.0,1581.0,1147.0,998.0,1532.0,730.0,474.0,8.0,385852,347572,38280,912351,5928,5394,534,45961.0,192089.08068756358,280322.87375689147,1476.0136293966546
CA-606,Long Beach CoC,603.0,603.0,0.0,407.0,196.0,295.0,164.0,250.0,12.0,4993482,4547611,445871,9811842,149158,132750,16408,74141.0,509813.76876137464,736521.3657569654,2492.656997852841
CA-607,Pasadena CoC,171.0,171.0,0.0,105.0,64.0,89.0,62.0,59.0,3.0,4993482,4547611,445871,9811842,149158,132750,16408,74141.0,509813.76876137464,736521.3657569654,2492.656997852841
CA-608,Riverside City & County CoC,998.0,998.0,0.0,539.0,455.0,704.0,395.0,213.0,16.0,1133045,1050042,83003,2453178,13681,11628,2053,51180.0,350621.43628068647,488397.3443484751,2218.6156869488973
CA-609,San Bernardino City & County CoC,905.0,905.0,0.0,451.0,449.0,518.0,347.0,274.0,10.0,992229,918611,73618,2192882,15853,13475,2378,49493.0,306089.5810052661,446297.47885036416,2191.125634149928
CA-611,"Oxnard, San Buenaventura/Ventura County CoC",949.0,949.0,0.0,533.0,416.0,772.0,412.0,45.0,8.0,407465,382236,25229,839358,9025,7851,1174,73375.0,535389.7383266705,726718.1083196704,2648.4684401565605
CA-612,Glendale CoC,88.0,88.0,0.0,39.0,49.0,58.0,44.0,28.0,2.0,4993482,4547611,445871,9811842,149158,132750,16408,74141.0,509813.76876137464,736521.3657569654,2492.656997852841
CA-613,Imperial County CoC,140.0,140.0,0.0,75.0,65.0,131.0,127.0,7.0,0.0,69015,56963,12052,179215,3226,3000,226,47653.0,171692.67812570735,265877.39336939825,0.0
CA-614,San Luis Obispo County CoC,297.0,297.0,0.0,155.0,142.0,252.0,87.0,19.0,1.0,135428,128208,7220,279298,3037,2733,304,66617.0,510183.7639177194,731817.6953178751,2527.372506753355
CO-500,Colorado Balance of State CoC,1295.0,767.0,528.0,836.0,443.0,1002.0,239.0,60.0,2.0,659567,622890,36677,1251575,12762,11050,1712,62007.10146175818,315719.44164797035,457294.6470246367,1508.6501122284421
CO-503,Metropolitan Denver CoC,5530.0,5530.0,0.0,3414.0,2100.0,3318.0,1843.0,1449.0,32.0,1386334,1313367,72967,2457975,19211,16166,3045,73988.62296280474,405341.9689200956,545598.7429483854,1773.039737992459
CO-504,Colorado Springs/El Paso County CoC,1156.0,1156.0,0.0,655.0,495.0,795.0,252.0,196.0,2.0,354358,334200,20158,737228,4962,4267,695,58627.0,309960.53809023974,409165.29827838816,1624.8227065729848
DE-500,Delaware Statewide CoC,1579.0,1579.0,0.0,817.0,760.0,551.0,114.0,967.0,6.0,493930,466770,27160,1004807,13100,11629,1471,59931.85358183213,186153.25182586486,301709.750358036,1551.7422457670987
FL-500,"Sarasota, Bradenton/Manatee, Sarasota Counties CoC",526.0,526.0,0.0,336.0,189.0,382.0,51.0,122.0,1.0,370281,355386,14895,862024,5115,4449,666,69383.54651146603,219158.80945836732,344256.485140888,1985.7966596687024
FL-501,Tampa/Hillsborough County CoC,870.0,870.0,0.0,496.0,374.0,334.0,145.0,508.0,4.0,772739,739504,33235,1484455,15770,14666,1104,58140.0,203660.9085378851,300855.15581047005,1782.6918910450538
FL-502,"St. Petersburg, Clearwater, Largo/Pinellas County CoC",2307.0,1305.0,1002.0,811.0,492.0,716.0,73.0,515.0,10.0,489255,469435,19820,959046,13245,11655,1590,65936.0,171573.0049949886,292045.8686778277,1639.848842018796
FL-503,"Lakeland, Winterhaven/Polk County CoC",385.0,385.0,0.0,221.0,162.0,216.0,52.0,153.0,0.0,328270,310484,17786,755179,4416,4018,398,43556.0,157434.892603102,241504.5864614873,1554.4597303770377
FL-504,"Daytona Beach, Daytona/Volusia, Flagler Counties CoC",694.0,359.0,335.0,440.0,254.0,464.0,61.0,183.0,0.0,304903,290599,14304,686892,5768,4814,954,53557.52603902797,187970.75614146804,271182.24603415193,1538.7557795497137
FL-505,"Fort Walton Beach/Okaloosa, Walton Counties CoC",73.0,73.0,0.0,32.0,41.0,53.0,7.0,14.0,0.0,133581,128963,4618,293635,2295,1913,382,64649.61220562944,210578.6464737763,354813.775981078,1668.9582061346052
FL-506,Tallahassee/Leon County CoC,621.0,530.0,91.0,404.0,216.0,208.0,25.0,377.0,7.0,155338,148732,6606,296081,4442,3642,800,54277.0,122080.04210089019,219391.9026965203,1134.738558141524
FL-507,"Orlando/Orange, Osceola, Seminole Counties CoC",1544.0,1544.0,0.0,887.0,655.0,659.0,311.0,797.0,4.0,1177184,1117185,59999,2302957,10723,9907,816,53667.66832511419,205831.66892575708,310414.3740516911,1671.2324373607285
FL-508,"Gainesville/Alachua, Putnam Counties CoC",677.0,313.0,364.0,461.0,214.0,367.0,46.0,267.0,3.0,138216,132947,5269,281817,4994,3995,999,52367.0,142711.53878097425,238382.76629493796,1392.1370987554708
FL-509,"Fort Pierce/St. Lucie, Indian River, Martin Counties CoC",814.0,121.0,693.0,531.0,283.0,594.0,69.0,186.0,1.0,139333,133507,5826,324063,836,821,15,98651.59460660427,187455.28669676627,322294.2705937007,1830.5554836380736
FL-510,"Jacksonville-Duval, Clay Counties CoC",1222.0,992.0,230.0,844.0,371.0,467.0,41.0,696.0,8.0,645091,617381,27710,1319178,17408,16865,543,55057.758576173954,154614.19536089493,251835.6232525188,1506.2161938195225
FL-511,"Pensacola/Escambia, Santa Rosa Counties CoC",731.0,148.0,583.0,568.0,158.0,435.0,12.0,267.0,5.0,230670,220945,9725,517263,5255,4667,588,52546.02400326333,139956.04272525004,235770.79006315398,1487.5048406037508
FL-513,"Palm Bay, Melbourne/Brevard County CoC",432.0,432.0,0.0,258.0,151.0,310.0,47.0,99.0,3.0,289818,277874,11944,617742,5628,5065,563,55477.0,185359.1980022633,283591.1747083992,1634.950224887386
FL-514,Ocala/Marion County CoC,512.0,302.0,210.0,317.0,194.0,321.0,39.0,155.0,0.0,143152,136025,7127,385084,2483,2160,323,45152.0,136820.90807478302,206112.81521722334,1369.2099913369373
FL-515,"Panama City/Bay, Jackson Counties CoC",101.0,101.0,0.0,27.0,73.0,69.0,10.0,21.0,0.0,102912,98720,4192,226652,2880,2404,476,50930.46444769956,139939.48845195535,237591.88178385908,1249.8942443842761
FL-517,"Hendry, Hardee, Highlands Counties CoC",27.0,27.0,0.0,0.0,27.0,15.0,7.0,7.0,0.0,35239,33145,2094,103295,352,323,29,41568.0,110599.58570285689,178651.57030108955,1066.6864446157426
FL-519,Pasco County CoC,857.0,334.0,523.0,533.0,320.0,722.0,100.0,97.0,2.0,247604,236516,11088,584927,2447,1982,465,50479.0,160621.60155404612,264961.7598967235,1696.8141800770115
FL-520,"Citrus, Hernando, Lake, Sumter Counties CoC",638.0,313.0,325.0,366.0,271.0,500.0,72.0,110.0,1.0,316402,300389,16013,889871,1722,1528,194,50325.89236642165,184630.89885329877,267135.0829113685,1316.8184484598855
FL-600,Miami-Dade County CoC,3224.0,2332.0,892.0,2058.0,1161.0,1332.0,1016.0,1831.0,9.0,1323692,1250255,73437,2670421,49912,46418,3494,64849.0,219348.50448205404,362036.66668516694,2310.6684847439815
FL-601,Ft Lauderdale/Broward County CoC,2561.0,794.0,1767.0,459.0,331.0,1084.0,118.0,562.0,11.0,1032694,981959,50735,1935729,16445,14636,1809,64453.0,169423.029655533,321600.109558865,2013.350520606911
FL-602,Punta Gorda/Charlotte County CoC,154.0,93.0,61.0,108.0,45.0,102.0,23.0,25.0,0.0,73472,70196,3276,194934,834,817,17,51677.0,173357.56944771274,271293.41060321307,1858.1271815812086
FL-603,"Ft Myers, Cape Coral/Lee County CoC",394.0,177.0,217.0,244.0,150.0,241.0,68.0,142.0,0.0,359008,343793,15215,790676,5054,4548,506,62885.0,150665.95809250977,284865.8504460266,1699.569510619167
FL-604,Monroe County CoC,242.0,242.0,0.0,189.0,53.0,196.0,32.0,36.0,1.0,46003,44616,1387,82265,1378,1336,42,109136.0,446610.83491618466,697330.4387144109,3469.975110586504
FL-605,West Palm Beach/Palm Beach County CoC,458.0,458.0,0.0,229.0,224.0,162.0,67.0,276.0,5.0,735244,703046,32198,1503223,11727,10437,1290,100627.0,185817.11773094884,352210.9976945989,2157.8858719682066
FL-606,Naples/Collier County CoC,568.0,424.0,144.0,311.0,257.0,402.0,171.0,115.0,7.0,181287,174491,6796,387241,969,901,68,117984.0,246814.938239856,429410.6442279116,2535.705906421839
GA-501,Georgia Balance of State CoC,1896.0,1896.0,0.0,711.0,1096.0,669.0,132.0,1093.0,30.0,2317536,2236999,80537,4807363,38994,32165,6829,51269.120871047184,182597.4501844562,264327.14236168837,1441.0955622749448
GA-503,Athens-Clarke County CoC,133.0,133.0,0.0,59.0,73.0,49.0,6.0,80.0,0.0,58531,56275,2256,129185,2419,2177,242,40672.0,127859.80053218734,227194.1988854827,1452.2107030167645
GA-504,Augusta-Richmond County CoC,144.0,144.0,0.0,102.0,42.0,37.0,5.0,105.0,0.0,83932,79496,4436,205358,7410,6594,816,43429.0,72584.56737552844,138467.23136687392,1092.330724240139
GA-505,Columbus-Muscogee/Russell County CoC,236.0,209.0,27.0,130.0,105.0,111.0,14.0,110.0,0.0,99758,95039,4719,263692,6942,5935,1007,46929.985316202234,58108.94086830959,133486.1289173167,806.3393125179739
GA-506,Marietta/Cobb County CoC,252.0,252.0,0.0,135.0,116.0,81.0,9.0,161.0,1.0,423814,410068,13746,766691,3411,3172,239,67616.0,227133.58737779595,328024.15833936207,1671.4648232414365
GA-507,Savannah/Chatham County CoC,548.0,321.0,227.0,201.0,120.0,130.0,6.0,188.0,1.0,143440,137279,6161,295656,6148,5471,677,54586.0,130324.43523247328,221035.6596675899,1447.4773701205743
HI-500,Hawaii Balance of State CoC,636.0,636.0,0.0,292.0,342.0,146.0,90.0,10.0,25.0,93899,88444,5455,203792,3334,3167,167,50038.0,247584.19441147833,427939.96490841213,2109.5386047877932
IA-500,"Sioux City/Dakota, Woodbury Counties CoC",233.0,217.0,16.0,144.0,89.0,115.0,41.0,47.0,10.0,55254,53118,2136,105816,2178,1981,197,50607.0,86943.79991223321,149642.4849734525,0.0
IA-501,Iowa Balance of State CoC,1725.0,1331.0,394.0,984.0,738.0,1233.0,139.0,365.0,20.0,536582,515361,21221,1005976,12738,11083,1655,56644.101951736426,115544.30667046395,191213.61213489078,865.4973628096983
IA-502,Des Moines/Polk County CoC,576.0,458.0,118.0,393.0,181.0,405.0,53.0,109.0,11.0,270147,259270,10877,497675,5915,4850,1065,60799.0,139044.0795893141,220185.90391598424,1065.7126671794056
ID-500,Boise/Ada County CoC,575.0,502.0,73.0,346.0,156.0,457.0,74.0,28.0,1.0,267054,258509,8545,512914,3307,3009,298,62610.0,378685.63374304253,482451.08157177496,1709.4946458810948
ID-501,Idaho Balance of State CoC,1314.0,515.0,799.0,184.0,328.0,433.0,80.0,9.0,3.0,396336,382235,14101,856123,6570,5578,992,47181.855176183795,267819.275760855,360034.6883216755,927.0997318578939
IL-500,McHenry County CoC,49.0,43.0,6.0,35.0,13.0,40.0,2.0,7.0,1.0,164803,156995,7808,311592,1657,1458,199,64119.0,166446.7929156528,244173.1886703826,1585.0876323979248
IL-501,"Rockford/Winnebago, Boone Counties CoC",287.0,284.0,3.0,145.0,139.0,125.0,41.0,131.0,4.0,158659,145086,13573,336758,7085,6080,1005,51139.68426585263,80591.54693202986,141746.2022169875,746.8712789875111
IL-502,"Waukegan, North Chicago/Lake County CoC",372.0,372.0,0.0,184.0,187.0,133.0,49.0,224.0,2.0,366404,346754,19650,712160,8787,7820,967,89025.0,164336.5651229657,269567.3819286474,1656.0007021971521
IL-503,"Champaign, Urbana, Rantoul/Champaign County CoC",148.0,146.0,2.0,86.0,61.0,48.0,16.0,93.0,1.0,108953,103518,5435,206708,2967,2640,327,54638.0,92876.45804392234,160155.4304285823,873.1032208378783
IL-504,Madison County CoC,42.0,42.0,0.0,20.0,22.0,32.0,0.0,9.0,0.0,132172,125585,6587,264898,3447,3136,311,55538.0,64371.04480380504,136912.20471011582,839.995539565352
IL-506,"Joliet, Bolingbrook/Will County CoC",257.0,226.0,31.0,125.0,101.0,102.0,76.0,109.0,7.0,95672,91006,4666,187877,720,650,70,60817.51536909787,176911.27796258964,253924.12103607244,1154.150413333444
IL-507,"Peoria, Pekin/Fulton, Tazewell, Peoria, Woodford Counties CoC",202.0,182.0,20.0,117.0,85.0,119.0,10.0,74.0,2.0,83035,77033,6002,179764,5456,4746,710,57439.0,43591.42578220553,104579.9542326623,944.4304030850531
IL-512,Bloomington/Central Illinois CoC,275.0,228.0,47.0,156.0,117.0,136.0,12.0,124.0,0.0,170344,160692,9652,351105,6219,4984,1235,54953.88514831746,76346.37501299307,139505.72262923367,745.1015311687247
IL-513,Springfield/Sangamon County CoC,189.0,160.0,29.0,124.0,64.0,122.0,7.0,59.0,1.0,98217,92683,5534,195422,4214,3750,464,57206.0,63133.02284243102,134582.02383734667,909.5945360654769
IL-518,"Rock Island, Moline/Northwestern Illinois CoC",95.0,95.0,0.0,55.0,40.0,48.0,12.0,37.0,5.0,67977,64119,3858,142992,4591,4131,460,51429.0,70056.35709167221,116600.94916065825,880.0445241335166
IL-519,West Central Illinois CoC,111.0,110.0,1.0,51.0,59.0,87.0,11.0,15.0,0.0,31108,29859,1249,65146,1140,969,171,55254.0,62922.217128880984,126925.02034396307,0.0
IL-520,Southern Illinois CoC,159.0,159.0,0.0,73.0,86.0,122.0,3.0,25.0,1.0,58467,55174,3293,119609,3396,2849,547,49737.28803852553,39375.312477923595,91589.68256337265,0.0
IN-502,Indiana Balance of State CoC,3047.0,2385.0,662.0,1790.0,1244.0,2328.0,151.0,579.0,22.0,1749996,1682768,67228,3544861,46010,40357,5653,57518.645506833695,132919.6120429732,212493.11263241424,1062.3252784931494
IN-503,Indianapolis CoC,1928.0,1665.0,263.0,1303.0,621.0,782.0,86.0,1040.0,21.0,502338,478125,24213,971647,16600,14442,2158,65625.0,105915.16936153377,181345.68255206198,1122.7878610617804
KS-502,Wichita/Sedgwick County CoC,419.0,419.0,0.0,290.0,124.0,242.0,51.0,120.0,6.0,255879,244066,11813,524481,5288,4864,424,57713.0,90138.26104040725,166361.91971942637,906.6940968281234
KS-503,Topeka/Shawnee County CoC,294.0,191.0,103.0,214.0,79.0,196.0,24.0,61.0,0.0,91820,88910,2910,178367,3282,2527,755,54066.0,74788.3787216152,150203.77739051313,851.8040508430254
KS-505,"Overland Park, Shawnee/Johnson County CoC",157.0,125.0,32.0,80.0,77.0,77.0,12.0,52.0,1.0,345753,336251,9502,614848,3409,3272,137,84535.0,247256.3253591732,346727.49834937043,1321.6740339195792
KS-507,Kansas Balance of State CoC,783.0,783.0,0.0,441.0,341.0,580.0,89.0,109.0,5.0,295271,285738,9533,602666,7379,6313,1066,50541.97933515413,111372.06774101552,184410.47221059588,691.3138334684722
KY-500,Kentucky Balance of State CoC,969.0,969.0,0.0,523.0,444.0,798.0,37.0,124.0,3.0,628556,603399,25157,1307176,18363,16164,2199,53871.90503344615,127655.61211798633,208133.75107858665,859.6893891232322
KY-501,Louisville-Jefferson County CoC,1013.0,756.0,257.0,630.0,380.0,481.0,49.0,455.0,9.0,392078,374258,17820,777378,21389,19250,2139,61474.0,116749.4558631201,202729.83490332877,1089.4600969354713
KY-502,Lexington-Fayette County CoC,562.0,562.0,0.0,377.0,184.0,380.0,38.0,162.0,3.0,172829,166438,6391,320473,6422,6036,386,59987.0,148102.5722397632,230891.9780994875,1175.2294956862481
MA-500,Boston CoC,4548.0,4378.0,170.0,2354.0,2184.0,1508.0,1618.0,2355.0,45.0,452475,426490,25985,771765,53664,49907,3757,98644.0,430029.1307651131,619151.0661060518,2808.4746575299746
MA-502,Lynn CoC,943.0,927.0,16.0,390.0,537.0,644.0,96.0,266.0,5.0,422709,396815,25894,807485,20388,19164,1224,78093.0,380297.99593472533,542986.4136108961,2118.1405280203235
MA-503,Cape Cod Islands CoC,343.0,315.0,28.0,172.0,169.0,281.0,20.0,41.0,2.0,111971,104728,7243,232594,3664,3114,550,83191.0,384311.0169649141,546045.3481840141,0.0
MA-504,Springfield/Hampden County CoC,2248.0,2218.0,30.0,1053.0,1191.0,1629.0,1302.0,463.0,4.0,226252,209869,16383,462849,20246,18626,1620,61522.0,193869.4241222739,258603.48160018746,1280.3063484549173
MA-505,New Bedford CoC,372.0,329.0,43.0,185.0,187.0,210.0,110.0,95.0,0.0,298839,280006,18833,579895,14983,14084,899,64924.0,297188.0667535281,401993.69427109,1605.5044789675987
MA-506,Worcester City & County CoC,1196.0,949.0,247.0,617.0,572.0,831.0,446.0,289.0,26.0,443413,418305,25108,862132,18214,17667,547,65793.0,260398.15609790874,364228.21912803774,1574.752470941555
MA-507,"Pittsfield/Berkshire, Franklin, Hampshire Counties CoC",425.0,375.0,50.0,254.0,164.0,316.0,105.0,59.0,3.0,191545,181534,10011,362652,7610,7014,596,62771.980532300935,208439.78700554892,300364.93444241065,1136.9878290335023
MA-509,Cambridge CoC,411.0,322.0,89.0,265.0,141.0,246.0,82.0,140.0,7.0,905149,864550,40599,1617099,33442,31101,2341,98523.0,414476.17205152754,624736.7427176156,2463.079783773995
MA-511,"Quincy, Brockton, Weymouth, Plymouth City and County CoC",943.0,907.0,36.0,439.0,502.0,430.0,151.0,468.0,7.0,283210,266532,16678,532919,9423,8951,472,79817.0,353246.8380792408,482948.42479903897,2154.6669334721523
MA-515,Fall River CoC,324.0,236.0,88.0,162.0,160.0,219.0,84.0,92.0,0.0,298839,280006,18833,579895,14983,14084,899,64924.0,297188.0667535281,401993.69427109,1605.5044789675987
MA-519,"Attleboro, Taunton/Bristol County CoC",224.0,216.0,8.0,105.0,119.0,126.0,39.0,92.0,1.0,298839,280006,18833,579895,14983,14084,899,64924.0,297188.0667535281,401993.69427109,1605.5044789675987
MD-503,Annapolis/Anne Arundel County CoC,244.0,172.0,72.0,149.0,95.0,117.0,19.0,98.0,3.0,312824,299102,13722,592052,5970,5373,597,76059.0,284633.36987624835,408011.20439852844,1851.156189688962
MD-504,Howard County CoC,82.0,82.0,0.0,45.0,36.0,32.0,6.0,44.0,1.0,186764,179263,7501,335287,3670,3082,588,86380.0,339479.2942397793,506572.0594361897,1908.7645631312837
MD-505,Baltimore County CoC,270.0,178.0,92.0,165.0,103.0,121.0,22.0,138.0,3.0,444843,421591,23252,850634,12394,10534,1860,69561.0,186917.97768322274,284311.1323345524,1525.2815620866265
MD-506,Carroll County CoC,85.0,67.0,18.0,47.0,38.0,69.0,6.0,9.0,0.0,93937,90301,3636,174208,1479,1271,208,69397.0,264655.97179870907,384316.9769843815,1398.954319643437
MD-509,Frederick City & County CoC,225.0,169.0,56.0,131.0,65.0,111.0,99.0,64.0,1.0,134692,128703,5989,280410,2371,2086,285,68704.0,271989.7126450275,395052.00028232584,1677.5502852454792
MD-511,Mid-Shore Regional CoC,122.0,113.0,9.0,63.0,59.0,52.0,2.0,60.0,0.0,17322,16460,862,37796,364,316,48,84695.0,227539.69127735545,379624.49121244927,0.0
MD-513,"Wicomico, Somerset, Worcester Counties CoC",214.0,169.0,45.0,138.0,76.0,94.0,7.0,111.0,0.0,75308,70597,4711,157551,2264,1855,409,52623.92941333282,137311.8856556478,235314.51289090636,852.020337297873
MD-601,Montgomery County CoC,577.0,509.0,68.0,366.0,210.0,159.0,92.0,367.0,16.0,546559,518901,27658,1055924,12801,11520,1281,92740.0,326983.1007495208,534411.7631025678,1955.6650646461205
ME-500,Maine Balance of State CoC,2063.0,2063.0,0.0,1099.0,952.0,1657.0,54.0,268.0,10.0,467085,446518,20567,911521,20258,18139,2119,61518.93498668708,219935.90046635954,315936.70760975603,1372.782942638279
MI-500,Michigan Balance of State CoC,1014.0,1014.0,0.0,493.0,520.0,849.0,49.0,91.0,7.0,210174,198249,11925,461366,6853,6339,514,54521.91260951175,82275.77738001125,162901.63147107698,376.36476688491746
MI-501,Detroit CoC,1293.0,1293.0,0.0,841.0,450.0,136.0,34.0,1124.0,8.0,795757,733422,62335,1773073,43811,38553,5258,50610.0,48051.40990855033,129424.30540098889,1138.7250307026695
MI-502,"Dearborn, Dearborn Heights, Westland/Wayne County CoC",169.0,147.0,22.0,100.0,68.0,70.0,6.0,88.0,2.0,795757,733422,62335,1773073,43811,38553,5258,50610.0,48051.40990855033,129424.30540098889,1138.7250307026695
MI-503,"St. Clair Shores, Warren/Macomb County CoC",330.0,330.0,0.0,188.0,142.0,119.0,6.0,196.0,0.0,439919,414146,25773,877385,9068,8161,907,54258.0,126408.38842931046,206484.10844492304,1188.0657280632445
MI-504,"Pontiac, Royal Oak/Oakland County CoC",333.0,333.0,0.0,159.0,173.0,69.0,17.0,252.0,0.0,660789,630128,30661,1271891,11824,10405,1419,80962.0,180505.67164144572,294113.35310897575,1430.0813011379284
MI-505,Flint/Genesee County CoC,336.0,289.0,47.0,189.0,147.0,113.0,17.0,201.0,3.0,175248,162185,13063,404662,6126,5329,797,49399.0,41865.4343188453,138155.79573243196,898.9352861813774
MI-506,"Grand Rapids, Wyoming/Kent County CoC",894.0,825.0,69.0,539.0,349.0,355.0,97.0,481.0,3.0,349619,333242,16377,659000,11109,9998,1111,61852.0,184564.70993188038,263151.22954801837,1331.1199589657479
MI-507,"Portage, Kalamazoo City & County CoC",342.0,342.0,0.0,173.0,167.0,118.0,15.0,208.0,5.0,128361,121925,6436,260688,4151,3860,291,58524.0,121379.58212586316,204150.35436750305,1156.7795235992662
MI-508,"Lansing, East Lansing/Ingham County CoC",372.0,358.0,14.0,217.0,153.0,167.0,30.0,151.0,1.0,141934,134011,7923,271427,6106,5434,672,49608.0,83541.25061449668,158238.8443642073,954.411908496409
MI-509,Washtenaw County CoC,269.0,249.0,20.0,141.0,104.0,75.0,10.0,142.0,3.0,188812,180627,8185,364998,6347,5585,762,68688.0,200778.68996301063,322403.3291588181,1683.5067035790426
MI-510,Saginaw City & County CoC,331.0,331.0,0.0,153.0,178.0,109.0,18.0,211.0,0.0,81642,75966,5676,189590,4088,3760,328,49274.0,43952.03100046119,112163.59365743438,812.0148311783465
MI-512,"Grand Traverse, Antrim, Leelanau Counties CoC",202.0,202.0,0.0,131.0,70.0,168.0,19.0,7.0,0.0,48093,45701,2392,96013,754,655,99,60388.0,187258.69141491756,299107.0692169797,0.0
MI-514,Battle Creek/Calhoun County CoC,149.0,143.0,6.0,97.0,52.0,101.0,8.0,39.0,0.0,59353,55512,3841,133878,2342,2131,211,47789.0,64339.22814594827,128376.22007081806,0.0
MI-515,Monroe City & County CoC,103.0,103.0,0.0,43.0,59.0,60.0,5.0,36.0,1.0,72122,67771,4351,155646,1912,1739,173,53509.0,122422.99168008151,197721.5255426192,1058.7495256416762
MI-516,"Norton Shores, Muskegon City & County CoC",105.0,76.0,29.0,31.0,45.0,38.0,3.0,31.0,0.0,75488,69977,5511,176612,2506,2305,201,46701.0,89268.51631683142,170646.06275975585,952.468997529745
MI-517,Jackson City & County CoC,119.0,119.0,0.0,62.0,56.0,84.0,12.0,23.0,0.0,71930,67825,4105,160266,2555,2299,256,47503.0,84842.09019940204,166198.64575483132,772.2401416663207
MI-518,Livingston County CoC,77.0,73.0,4.0,33.0,44.0,71.0,2.0,4.0,0.0,101971,97724,4247,195277,391,355,36,65883.0,212769.6518299887,315140.47106142464,1597.7483439780892
MI-519,Holland/Ottawa County CoC,139.0,139.0,0.0,75.0,64.0,101.0,20.0,20.0,11.0,156982,150580,6402,298317,1072,1007,65,56076.0,202691.6373573185,275723.67646979145,1208.0852378515865
MI-523,Eaton County CoC,83.0,83.0,0.0,32.0,51.0,50.0,2.0,16.0,0.0,54195,51306,2889,109030,1079,960,119,50743.0,130154.36011613104,201351.52775450994,0.0
MN-500,Minneapolis/Hennepin County CoC,2369.0,2369.0,0.0,1340.0,1014.0,562.0,162.0,1446.0,34.0,692722,666210,26512,1266736,26480,24361,2119,85505.0,236629.10606109243,337518.5665033911,1548.7667319846832
MN-501,St. Paul/Ramsey County CoC,1872.0,1558.0,314.0,1127.0,735.0,555.0,160.0,922.0,91.0,281195,269271,11924,542861,15619,13900,1719,62594.0,208951.91399384988,285693.9287926153,1306.9894481529354
MN-502,Rochester/Southeast Minnesota CoC,419.0,419.0,0.0,205.0,213.0,274.0,51.0,97.0,7.0,178767,173010,5757,322945,4910,4353,557,60103.26258031553,167839.6913497381,243815.74601686592,662.9862996563498
MN-503,"Dakota, Anoka, Washington, Scott, Carver Counties CoC",610.0,610.0,0.0,291.0,316.0,316.0,62.0,189.0,26.0,714728,689794,24934,1345033,10099,9489,610,68554.08247158249,251851.1078371497,344427.29719796905,1572.6476730582353
MN-505,St. Cloud/Central Minnesota CoC,536.0,536.0,0.0,249.0,283.0,321.0,37.0,108.0,3.0,258579,248447,10132,486982,3772,3439,333,56439.91141972393,203306.5122319866,282660.22945093585,864.9088650659447
MN-506,Northwest Minnesota CoC,249.0,249.0,0.0,119.0,128.0,122.0,34.0,17.0,1.0,16003,15337,666,30817,1133,917,216,58682.0,95208.01093290544,182130.631520455,0.0
MN-508,Moorhead/West Central Minnesota CoC,186.0,186.0,0.0,93.0,91.0,89.0,22.0,45.0,0.0,36854,35761,1093,65665,1455,1164,291,51260.0,158272.09925490382,230310.96460617508,0.0
MO-600,"Springfield/Greene, Christian, Webster Counties CoC",583.0,517.0,66.0,316.0,265.0,455.0,26.0,50.0,0.0,198798,192522,6276,392659,2618,2316,302,50587.981757708345,128205.22352664155,197509.9295656543,1108.446987738828
MO-602,"Joplin/Jasper, Newton Counties CoC",210.0,175.0,35.0,131.0,79.0,161.0,17.0,24.0,0.0,56472,54480,1992,123325,2040,1836,204,43859.0,91881.4114346794,159118.5726926361,0.0
MO-603,"St. Joseph/Andrew, Buchanan, DeKalb Counties CoC",150.0,118.0,32.0,79.0,71.0,112.0,4.0,23.0,0.0,42604,41074,1530,83655,2006,1825,181,46362.0,57561.108165852434,120157.69741083395,0.0
MO-606,Missouri Balance of State CoC,764.0,764.0,0.0,344.0,415.0,517.0,15.0,185.0,4.0,388688,374265,14423,786539,7626,6515,1111,49834.248535673374,129229.67221548436,207237.77140073373,857.5095331314335
MS-500,"Jackson/Rankin, Madison Counties CoC",147.0,147.0,0.0,101.0,44.0,63.0,0.0,82.0,1.0,230641,219520,11121,490610,9694,8756,938,54486.60957583417,93772.93976594183,166912.77399325426,1188.30481405734
MS-501,Mississippi Balance of State CoC,268.0,145.0,123.0,154.0,114.0,127.0,6.0,129.0,1.0,207809,198270,9539,440985,4482,4121,361,47097.022959964626,130728.48354241166,208820.6661030582,850.433076788252
MS-503,Gulf Port/Gulf Coast Regional CoC,211.0,67.0,144.0,115.0,96.0,148.0,24.0,55.0,0.0,146588,138428,8160,354080,8896,8241,655,44711.7223565296,89141.62875281779,159973.11614135792,1144.9423206383813
MT-500,Montana Statewide CoC,1801.0,1168.0,633.0,678.0,487.0,843.0,90.0,62.0,2.0,367299,355562,11737,711534,10778,9206,1572,60465.83814125537,271302.99151500105,383258.70714831474,1009.4054758156943
NC-500,Winston-Salem/Forsyth County CoC,462.0,323.0,139.0,333.0,128.0,222.0,13.0,234.0,1.0,182861,173726,9135,386172,8065,6532,1533,56378.0,113754.18705801769,201081.0389803102,1370.3864721721945
NC-501,Asheville/Buncombe County CoC,527.0,411.0,116.0,391.0,134.0,369.0,15.0,125.0,1.0,136559,130767,5792,271719,4422,3935,487,57895.0,246545.22425174728,354384.4985899231,1505.1372181110355
NC-502,Durham City & County CoC,396.0,278.0,118.0,256.0,139.0,106.0,14.0,276.0,0.0,171066,163761,7305,329699,5438,4839,599,60330.0,216154.0187803187,311960.0951782736,1417.9182900306305
NC-503,North Carolina Balance of State CoC,1520.0,1520.0,0.0,787.0,732.0,768.0,94.0,651.0,11.0,1473244,1403456,69788,3314601,33807,29468,4339,52426.43535918803,139772.23205866394,236899.78948058045,1066.72612246812
NC-504,"Greensboro, High Point CoC",482.0,419.0,63.0,292.0,189.0,119.0,19.0,348.0,2.0,253775,239373,14402,542756,10385,9034,1351,54651.0,104076.20527510122,196541.84553122576,1235.2443009747
NC-505,Charlotte/Mecklenburg County CoC,1947.0,1678.0,269.0,1175.0,766.0,292.0,74.0,1561.0,16.0,622240,591711,30529,1125809,10878,7505,3373,71836.0,226655.61159423963,321347.269703355,1504.1037208262203
NC-506,"Wilmington/Brunswick, New Hanover, Pender Counties CoC",301.0,179.0,122.0,179.0,121.0,176.0,9.0,105.0,1.0,205584,195741,9843,437816,4614,3459,1155,55621.078772817804,205926.96817839734,317769.17764792964,1457.0896957073205
NC-507,Raleigh/Wake County CoC,912.0,439.0,473.0,403.0,505.0,147.0,60.0,716.0,4.0,594548,570431,24117,1152357,7428,6982,446,71205.0,259460.6331796783,377843.39985701395,1477.241346279501
NC-509,"Gastonia/Cleveland, Gaston, Lincoln Counties CoC",277.0,83.0,194.0,190.0,87.0,194.0,1.0,78.0,0.0,153609,146085,7524,321207,3225,2999,226,50427.34858206702,144177.88490171987,242854.46452146932,1353.806573278958
NC-511,Fayetteville/Cumberland County CoC,54.0,54.0,0.0,22.0,32.0,7.0,4.0,38.0,0.0,125488,116860,8628,337249,4137,3888,249,46992.0,77504.35587619354,147989.78115880632,1130.3981693792614
NC-513,Chapel Hill/Orange County CoC,176.0,140.0,36.0,126.0,50.0,48.0,8.0,118.0,0.0,77576,74759,2817,148610,1192,1060,132,74994.0,217850.64381304706,369095.2355872115,1493.753551516341
ND-500,North Dakota Statewide CoC,548.0,474.0,74.0,309.0,237.0,272.0,57.0,88.0,4.0,286817,278319,8498,537698,10549,8051,2498,63434.68778384892,161844.01620374405,246733.22402464546,737.8395927118189
NE-500,Nebraska Balance of State CoC,425.0,398.0,27.0,237.0,186.0,347.0,71.0,26.0,2.0,85293,83021,2272,157224,3091,2747,344,53891.45732203735,102028.5928401823,169068.02153121476,161.30462496858607
NE-501,"Omaha, Council Bluffs CoC",1190.0,1096.0,94.0,790.0,395.0,722.0,124.0,340.0,14.0,449707,435593,14114,872699,13203,11340,1863,64486.455289853664,155973.8220497332,235275.85562090657,954.7620360812942
NE-502,Lincoln CoC,320.0,282.0,38.0,183.0,137.0,202.0,63.0,64.0,10.0,178718,174040,4678,323420,4611,4011,600,56782.0,167459.1973390463,236669.45726347275,1063.583160583183
NH-500,New Hampshire Balance of State CoC,775.0,580.0,195.0,440.0,333.0,705.0,22.0,32.0,8.0,450842,435982,14860,815261,11398,10451,947,75065.4599901136,253521.7169402547,362297.06728099735,991.9916724068996
NH-501,Manchester CoC,519.0,414.0,105.0,288.0,230.0,433.0,111.0,46.0,6.0,237396,229102,8294,424496,8359,7690,669,71849.0,276217.09020389017,378804.1519416881,1550.9781040968799
NH-502,Nashua/Hillsborough County CoC,197.0,177.0,20.0,115.0,82.0,165.0,34.0,12.0,2.0,237396,229102,8294,424496,8359,7690,669,71849.0,276217.09020389017,378804.1519416881,1550.9781040968799
NJ-500,Atlantic City & County CoC,326.0,204.0,122.0,240.0,85.0,153.0,43.0,148.0,12.0,122443,110426,12017,275130,7549,6718,831,58310.0,141011.94100242687,243645.37683075247,1533.6806345039397
NJ-501,Bergen County CoC,279.0,274.0,5.0,130.0,147.0,140.0,69.0,115.0,7.0,494034,462974,31060,954879,11653,11070,583,97343.0,395081.90426350804,534866.683675327,2329.3690776797475
NJ-502,Burlington County CoC,604.0,596.0,8.0,275.0,329.0,204.0,88.0,338.0,3.0,242415,228857,13558,464411,1859,1784,75,69496.0,182539.20181097122,279776.83436830726,1748.8633710421866
NJ-503,"Camden City & County/Gloucester, Cape May, Cumberland Counties CoC",935.0,826.0,109.0,543.0,388.0,480.0,166.0,398.0,1.0,494313,460050,34263,980833,20194,18655,1539,59741.206932270834,134503.01162136972,220799.0237528832,1433.816382850679
NJ-504,Newark/Essex County CoC,1888.0,1797.0,91.0,1198.0,684.0,304.0,255.0,1522.0,8.0,386907,354945,31962,854121,34772,30947,3825,74310.0,297949.80249154504,458753.4945038287,1751.8028012071454
NJ-506,"Jersey City, Bayonne/Hudson County CoC",882.0,726.0,156.0,631.0,251.0,363.0,294.0,481.0,11.0,371485,345305,26180,703447,24795,22811,1984,72046.0,326361.6711795875,492332.9065648012,2416.916449705776
NJ-507,New Brunswick/Middlesex County CoC,628.0,491.0,137.0,377.0,251.0,318.0,208.0,291.0,7.0,453523,426211,27312,862328,10378,9859,519,70221.0,277510.10107198026,388388.33335415047,2022.3437176732502
NJ-508,Monmouth County CoC,322.0,296.0,26.0,182.0,140.0,139.0,47.0,160.0,0.0,340808,320957,19851,646392,10592,9532,1060,92119.0,337101.8669954311,516571.07790707774,2388.533579740439
NJ-509,Morris County CoC,268.0,234.0,34.0,158.0,110.0,183.0,59.0,69.0,2.0,263377,249549,13828,510444,3870,3676,194,107767.0,336288.30339733174,486394.83237800375,2392.272897475399
NJ-510,Lakewood Township/Ocean County CoC,369.0,354.0,15.0,170.0,199.0,227.0,64.0,108.0,2.0,292423,274068,18355,649741,5727,5440,287,60823.0,241988.50381292406,372252.20203039824,2238.984269715057
NJ-511,Paterson/Passaic County CoC,324.0,251.0,73.0,208.0,116.0,105.0,125.0,189.0,0.0,250793,229185,21608,518345,11905,10833,1072,59559.0,298621.7128339658,403335.0943196349,1943.3673661177563
NJ-512,Salem County CoC,18.0,11.0,7.0,7.0,11.0,4.0,8.0,6.0,0.0,30533,28202,2331,65058,1434,1362,72,57547.0,98399.2887557263,182853.29439574658,0.0
NJ-513,Somerset County CoC,226.0,226.0,0.0,121.0,105.0,76.0,37.0,141.0,4.0,175699,166299,9400,346331,2292,2177,115,113975.0,305346.99405733106,460360.09641968645,2068.3334302116778
NJ-514,Trenton/Mercer County CoC,393.0,393.0,0.0,245.0,148.0,115.0,66.0,263.0,4.0,212695,201071,11624,382116,8117,7548,569,77911.0,145826.79622910114,288133.9884219223,2037.576528822358
NJ-515,Elizabeth/Union County CoC,571.0,557.0,14.0,313.0,257.0,178.0,136.0,376.0,3.0,286173,266350,19823,572810,9546,8591,955,77007.0,315856.53116548056,433356.58808487747,2088.035616330277
NJ-516,"Warren, Sussex, Hunterdon Counties CoC",229.0,207.0,22.0,107.0,121.0,155.0,30.0,64.0,2.0,201218,189845,11373,385807,3585,3424,161,78586.40380552971,223374.99932153392,344505.0531811775,1066.204917885314
NM-500,Albuquerque CoC,1567.0,1154.0,413.0,1005.0,546.0,982.0,762.0,146.0,5.0,334317,312649,21668,674980,9446,8029,1417,53616.0,193533.08580140033,263107.199419615,1259.5442184434726
NM-501,New Mexico Balance of State CoC,1180.0,818.0,362.0,641.0,526.0,719.0,597.0,53.0,7.0,295620,275037,20583,686084,6932,5371,1561,51523.36383591514,163795.5818184578,253049.37983098533,784.5882308381183
NV-500,Las Vegas/Clark County CoC,5083.0,2289.0,2794.0,3574.0,1488.0,2706.0,880.0,1609.0,115.0,1097343,1010123,87220,2295194,16667,16000,667,58276.0,244766.76965200814,348602.2767874441,1638.1330338887385
NV-501,"Reno, Sparks/Washoe County CoC",1708.0,928.0,780.0,570.0,352.0,645.0,181.0,187.0,25.0,251733,241420,10313,494281,5102,4387,715,71436.0,336918.44987354043,471643.78182054654,1816.3774109009055
NV-502,Nevada Balance of State CoC,299.0,76.0,223.0,36.0,39.0,73.0,12.0,1.0,1.0,87604,83330,4274,222969,1757,1317,440,58893.873350106966,278386.7666213707,397675.51582599274,436.14982061897433
NY-500,"Rochester, Irondequoit, Greece/Monroe County CoC",521.0,488.0,33.0,318.0,198.0,202.0,93.0,286.0,1.0,363970,345113,18857,756547,18466,16250,2216,60046.0,126872.06151600482,193446.55898615337,1197.4194478225372
NY-501,"Elmira/Steuben, Allegany, Livingston, Chemung, Schuyler Counties CoC",256.0,245.0,11.0,136.0,106.0,211.0,6.0,27.0,2.0,41909,39810,2099,93105,1751,1558,193,54238.0,70439.41602229791,123394.92635327287,0.0
NY-503,Albany City & County CoC,723.0,674.0,49.0,573.0,146.0,296.0,71.0,389.0,7.0,158446,151431,7015,316301,8588,7213,1375,70947.0,190677.84021175475,267870.58303139603,1349.0081584499264
NY-505,"Syracuse, Auburn/Onondaga, Oswego, Cayuga Counties CoC",469.0,457.0,12.0,266.0,196.0,261.0,52.0,159.0,2.0,310389,294835,15554,666009,15125,13561,1564,57701.50154877787,109443.56648695857,167533.2266702287,902.2033552906131
NY-507,Schenectady City & County CoC,266.0,246.0,20.0,167.0,79.0,104.0,39.0,123.0,3.0,77664,73829,3835,160214,3804,3385,419,62484.0,149750.79358960027,215014.02355506702,1129.4029457733375
NY-508,"Buffalo, Niagara Falls/Erie, Niagara, Orleans, Genesee, Wyoming Counties CoC",663.0,663.0,0.0,406.0,256.0,295.0,76.0,311.0,10.0,540362,510854,29508,1166241,29620,25918,3702,56809.58808428104,135098.65734551096,207651.9893116045,1052.4175950681054
NY-510,Ithaca/Tompkins County CoC,144.0,123.0,21.0,93.0,51.0,92.0,11.0,41.0,0.0,49783,47908,1875,106044,2766,2517,249,51377.0,167670.3065320541,253301.7363795561,1374.7878771510425
NY-511,"Binghamton, Union Town/Broome, Otsego, Chenango, Delaware, Cortland, Tioga Counties CoC",318.0,318.0,0.0,211.0,106.0,242.0,23.0,56.0,0.0,154400,146711,7689,354037,4308,3627,681,51308.24528227276,90387.51516295967,142262.42893970574,632.1952345822937
NY-512,Troy/Rensselaer County CoC,173.0,158.0,15.0,73.0,98.0,92.0,30.0,64.0,0.0,81726,78127,3599,160740,3559,2882,677,58126.0,158195.539627351,230022.16491391519,1203.4969373839228
NY-513,"Wayne, Ontario, Seneca, Yates Counties CoC",309.0,309.0,0.0,167.0,138.0,232.0,38.0,53.0,1.0,55530,53141,2389,112660,1970,1713,257,62051.0,136902.999312553,215281.18220025793,1639.3495450514956
NY-518,"Utica, Rome/Oneida, Madison Counties CoC",143.0,143.0,0.0,94.0,49.0,89.0,16.0,38.0,3.0,133454,126807,6647,297339,7064,6004,1060,53533.30752440817,101750.48043072937,161203.77266626598,0.0
NY-519,"Columbia, Greene Counties CoC",117.0,117.0,0.0,69.0,48.0,81.0,14.0,23.0,5.0,30597,29418,1179,62039,820,820,0,65426.0,218769.12961651981,329593.03694848064,0.0
NY-522,"Jefferson, Lewis, St. Lawrence Counties CoC",93.0,77.0,16.0,48.0,29.0,61.0,1.0,16.0,0.0,44090,41842,2248,117680,2777,2527,250,53130.0,96494.65578635351,162225.23629191422,1285.2706906702306
NY-523,"Glens Falls, Saratoga Springs/Saratoga, Washington, Warren, Hamilton Counties CoC",237.0,230.0,7.0,153.0,75.0,193.0,35.0,27.0,1.0,120739,116123,4616,237962,2447,2153,294,75651.0,222678.95045912816,322291.85773915914,1472.9296616184483
NY-600,New York City CoC,68358.0,65975.0,2383.0,37726.0,30174.0,13003.0,24831.0,49370.0,829.0,4091972,3681366,410606,8459001,389968,355299,34669,83588.86510747546,351237.7463599424,643032.8933006594,2478.4688636199585
NY-601,Poughkeepsie/Dutchess County CoC,536.0,516.0,20.0,289.0,225.0,243.0,84.0,230.0,1.0,144326,137869,6457,298039,4675,3927,748,67256.0,261816.16158434705,358469.599080679,1862.3228297693624
NY-602,"Newburgh, Middletown/Orange County CoC",280.0,242.0,38.0,174.0,106.0,132.0,43.0,117.0,1.0,186835,178023,8812,404997,5481,4658,823,58883.0,222204.5035499439,324080.0580119311,1774.919352635731
NY-603,"Nassau, Suffolk Counties CoC",3050.0,2912.0,138.0,1560.0,1487.0,1081.0,613.0,1737.0,17.0,1501614,1433461,68153,2924230,25030,21872,3158,90008.95050184151,422993.293646709,554825.5626083261,6299.441032367537
NY-604,"Yonkers, Mount Vernon/Westchester County CoC",1383.0,1287.0,96.0,716.0,661.0,377.0,385.0,961.0,1.0,487910,464437,23473,999607,24029,20905,3124,119705.0,443892.6188268804,662407.4739403655,2423.2280111197356
NY-606,Rockland County CoC,53.0,53.0,0.0,34.0,19.0,30.0,17.0,17.0,0.0,156366,149461,6905,339256,6510,5663,847,69173.0,367004.488437022,519164.57735971874,2439.3228155841575
NY-608,Kingston/Ulster County CoC,340.0,340.0,0.0,168.0,170.0,183.0,54.0,106.0,1.0,87347,83249,4098,183704,3448,2965,483,60557.0,214113.68610551828,315126.7999439831,1651.3785293232606
OH-500,Cincinnati/Hamilton County CoC,1016.0,985.0,31.0,624.0,390.0,313.0,16.0,660.0,1.0,415252,395045,20207,827501,25488,22939,2549,67845.0,123716.64533961132,201219.47633175782,1170.7844424839125
OH-501,Toledo/Lucas County CoC,383.0,383.0,0.0,209.0,173.0,174.0,18.0,190.0,2.0,204500,191793,12707,429360,12263,11281,982,54105.0,49799.186766235216,123485.285939494,987.2546193146312
OH-502,Cleveland/Cuyahoga County CoC,1557.0,1557.0,0.0,1012.0,535.0,434.0,129.0,1088.0,10.0,596287,558946,37341,1247808,38740,35640,3100,62790.0,82008.63283391362,156582.84933017677,1196.1245622204583
OH-503,Columbus/Franklin County CoC,1365.0,1365.0,0.0,826.0,536.0,375.0,68.0,872.0,18.0,707069,671944,35125,1317560,24305,21388,2917,58689.0,134653.8875611062,230163.7262042646,1277.1803623938802
OH-504,Youngstown/Mahoning County CoC,62.0,62.0,0.0,14.0,46.0,29.0,21.0,21.0,1.0,98540,92283,6257,226443,5192,4568,624,50968.0,43490.90389316377,111527.70290051727,766.162547454132
OH-505,"Dayton, Kettering/Montgomery County CoC",568.0,568.0,0.0,317.0,248.0,271.0,5.0,247.0,1.0,246953,233108,13845,536169,12093,10883,1210,54822.0,69550.08290136985,141144.08842488079,1026.3322947285076
OH-506,Akron/Summit County CoC,394.0,315.0,79.0,245.0,149.0,229.0,4.0,144.0,1.0,264828,250394,14434,537247,14039,13477,562,60771.0,82097.67127837507,164117.48674799208,964.2477999951806
OH-507,Ohio Balance of State CoC,2336.0,2336.0,0.0,1193.0,1137.0,1728.0,133.0,460.0,8.0,1377948,1310932,67016,2826025,44025,38952,5073,53698.87259489919,105734.34988252439,185261.0367156567,812.5748288129504
OH-508,"Canton, Massillon, Alliance/Stark County CoC",234.0,191.0,43.0,109.0,124.0,110.0,8.0,94.0,2.0,182086,172558,9528,373659,6573,5849,724,52426.0,78422.29581056352,155008.45166339687,850.0297613373856
OK-500,North Central Oklahoma CoC,132.0,121.0,11.0,69.0,63.0,111.0,7.0,6.0,0.0,64809,62542,2267,144096,1560,1427,133,46062.383515156565,64054.83630400037,142762.80585711476,651.5280718587902
OK-501,Tulsa City & County CoC,1043.0,756.0,287.0,663.0,372.0,611.0,65.0,207.0,11.0,324695,311008,13687,673961,12035,10590,1445,66535.0,95664.39521500084,178497.92575479063,1118.6479182765515
OK-503,Oklahoma Balance of State CoC,125.0,125.0,0.0,75.0,49.0,88.0,52.0,25.0,0.0,55549,53445,2104,124016,1583,1537,46,47481.032092633206,66666.91672936753,162800.07866803466,0.0
OK-504,Norman/Cleveland County CoC,106.0,106.0,0.0,60.0,46.0,74.0,9.0,20.0,2.0,144833,139956,4877,298099,2338,2080,258,49946.0,136076.9067458979,195260.3060821104,1238.6993173408343
OK-505,Northeast Oklahoma CoC,79.0,79.0,0.0,34.0,43.0,61.0,3.0,2.0,0.0,42598,40839,1759,100488,866,813,53,60344.70632314306,68215.31298873796,134746.98691986487,0.0
OK-506,Southwest Oklahoma Regional CoC,61.0,61.0,0.0,15.0,46.0,38.0,12.0,15.0,1.0,68350,65638,2712,165935,1558,1403,155,49138.914092867686,67475.97814024363,138509.49662355825,611.2320866150418
OK-507,Southeastern Oklahoma Regional CoC,476.0,411.0,65.0,264.0,212.0,286.0,15.0,65.0,0.0,124212,119182,5030,281199,5399,4603,796,47858.07468020868,57572.291264453146,127549.57413772176,403.8790575305927
OR-500,"Eugene, Springfield/Lane County CoC",2317.0,327.0,1990.0,1514.0,789.0,1930.0,205.0,71.0,5.0,182572,172491,10081,384063,5072,4767,305,55146.0,295895.00511904305,387257.3675873032,1609.4944475373818
OR-501,"Portland, Gresham/Multnomah County CoC",1780.0,1780.0,0.0,1159.0,577.0,1192.0,231.0,289.0,17.0,461480,436178,25302,805593,16835,14983,1852,70331.0,364851.47139241156,481646.2567207959,1591.3333115291314
OR-502,"Medford, Ashland/Jackson County CoC",773.0,349.0,424.0,477.0,291.0,651.0,179.0,26.0,6.0,107177,101312,5865,224327,3078,2800,278,56842.0,290332.1598388072,386299.15607798245,1652.1614102998699
OR-503,Central Oregon CoC,1116.0,318.0,798.0,692.0,416.0,928.0,102.0,29.0,2.0,102304,96879,5425,205358,1383,1272,111,67743.0,389860.9689112695,551404.8015972496,2070.3107217028337
OR-505,Oregon Balance of State CoC,1305.0,1305.0,0.0,758.0,534.0,1127.0,92.0,23.0,6.0,518044,491121,26923,1095021,15645,13335,2310,52745.1549093579,275749.61311585264,364686.5102675382,1035.5481479468676
OR-506,"Hillsboro, Beaverton/Washington County CoC",716.0,359.0,357.0,470.0,242.0,589.0,115.0,50.0,6.0,327552,313117,14435,602494,4272,3716,556,71537.0,387904.2197743676,508524.3929607801,1719.8369160807058
OR-507,Clackamas County CoC,492.0,191.0,301.0,235.0,255.0,391.0,68.0,27.0,3.0,222801,211961,10840,423763,2992,2603,389,71504.0,391585.7053475432,529654.9571526434,1746.9507599120507
PA-501,Harrisburg/Dauphin County CoC,358.0,322.0,36.0,236.0,122.0,129.0,39.0,183.0,1.0,145287,136639,8648,288187,6650,5852,798,58741.0,108736.30373543117,194292.48666099986,1117.945168148203
PA-502,"Upper Darby, Chester, Haverford/Delaware County CoC",279.0,229.0,50.0,122.0,132.0,80.0,14.0,170.0,1.0,298233,280675,17558,576772,7191,6471,720,77180.0,139513.0893022339,265821.3481777878,1541.4660173379998
PA-503,"Wilkes-Barre, Hazleton/Luzerne County CoC",138.0,138.0,0.0,61.0,76.0,86.0,19.0,44.0,0.0,157636,145451,12185,325889,9059,8062,997,52300.0,70757.58293906176,135887.0789798218,999.1721652988749
PA-504,"Lower Merion, Norristown, Abington/Montgomery County CoC",261.0,221.0,40.0,132.0,126.0,98.0,24.0,152.0,1.0,459375,437689,21686,864022,5886,4885,1001,88671.0,242530.49873162617,367238.0508471588,1696.2212224942846
PA-505,Chester County CoC,327.0,327.0,0.0,201.0,126.0,164.0,41.0,151.0,2.0,288974,277371,11603,540864,3905,3280,625,95483.0,273397.20160833077,420932.4274873122,1809.264081084573
PA-506,Reading/Berks County CoC,513.0,506.0,7.0,326.0,187.0,358.0,206.0,117.0,0.0,212766,199614,13152,429612,4347,3999,348,57970.0,128411.70303845889,216829.3800711714,1104.76321582453
PA-508,Scranton/Lackawanna County CoC,165.0,157.0,8.0,97.0,66.0,126.0,18.0,31.0,2.0,103916,97207,6709,215957,6488,5839,649,54380.0,80623.31962552655,149092.5371359427,1082.6650579598615
PA-509,Eastern Pennsylvania CoC,1396.0,1396.0,0.0,700.0,692.0,984.0,309.0,332.0,2.0,1116407,1053908,62499,2246374,29140,25402,3738,57279.88289527924,141676.03613469625,218118.36725332745,973.9726385614946
PA-510,Lancaster City & County CoC,394.0,394.0,0.0,176.0,218.0,224.0,126.0,148.0,3.0,287023,273538,13485,556049,4101,3731,370,61547.0,190986.71616580815,270902.93383211625,1112.8396888471982
PA-511,"Bristol, Bensalem/Bucks County CoC",282.0,259.0,23.0,154.0,128.0,145.0,31.0,98.0,0.0,345392,328006,17386,647159,5768,4556,1212,83011.0,274023.94219812285,392851.95602938643,1771.6321907292522
PA-512,York City & County CoC,237.0,219.0,18.0,109.0,128.0,107.0,46.0,90.0,1.0,236762,224527,12235,459148,3574,3216,358,57870.0,147491.35130886224,224470.5247771222,1159.557484464789
PA-600,"Pittsburgh, McKeesport, Penn Hills/Allegheny County CoC",692.0,627.0,65.0,421.0,266.0,270.0,48.0,349.0,5.0,634367,597797,36570,1245445,34697,30186,4511,70580.0,98395.54436606244,191076.63974386337,1230.2735069943626
PA-601,Western Pennsylvania CoC,603.0,577.0,26.0,326.0,248.0,475.0,22.0,73.0,0.0,505844,474769,31075,1039228,16695,15051,1644,59636.696138864616,79258.13531197357,164022.75154853266,787.2587346039547
PA-603,Beaver County CoC,138.0,136.0,2.0,52.0,86.0,76.0,3.0,47.0,0.0,82117,76567,5550,166914,4014,3652,362,56452.0,80633.88238907357,148948.6821715569,1011.9236878837514
PA-605,Erie City & County CoC,254.0,254.0,0.0,170.0,84.0,136.0,16.0,97.0,1.0,127008,118260,8748,269300,6217,5719,498,52747.0,87099.0947249505,152788.18884138382,897.715480027764
RI-500,Rhode Island Statewide CoC,1267.0,1086.0,181.0,739.0,522.0,777.0,307.0,320.0,5.0,571697,540181,31516,1096985,38346,35205,3141,64384.74688714978,264944.2324282305,356452.6935546349,1693.2031810946326
SC-500,Charleston/Low Country CoC,274.0,192.0,82.0,183.0,90.0,104.0,12.0,137.0,3.0,469654,452940,16714,1006789,11360,10235,1125,62561.301189226346,217179.1521282622,346372.97143857885,1621.7472836982338
SC-501,"Greenville, Anderson, Spartanburg/Upstate CoC",783.0,783.0,0.0,536.0,247.0,369.0,42.0,376.0,1.0,610850,588413,22437,1332700,16133,14895,1238,50384.06121332633,114386.57399413091,206703.082662248,1110.5319149462312
SC-502,Columbia/Midlands CoC,938.0,695.0,243.0,429.0,265.0,200.0,12.0,473.0,3.0,607183,585113,22070,1278654,15854,13901,1953,54241.18677531216,112138.59467186312,214496.0228187008,1278.8017883695468
SC-503,"Myrtle Beach, Sumter City & County CoC",1212.0,372.0,840.0,626.0,580.0,563.0,27.0,591.0,1.0,255447,243527,11920,607306,6471,5804,667,47920.76575729533,111282.3139148625,199093.76085910638,1327.1458703368546
SD-500,South Dakota Statewide CoC,817.0,817.0,0.0,458.0,356.0,256.0,49.0,56.0,7.0,251675,245365,6310,457490,7269,6594,675,70107.1075171042,183489.1129073155,267016.9227095607,872.8694277858687
TN-500,Chattanooga/Southeast Tennessee CoC,1482.0,255.0,1227.0,1085.0,397.0,1266.0,15.0,207.0,1.0,232564,222576,9988,478796,8892,7609,1283,56952.71665594533,131904.1619778937,234660.29441479626,1287.9963301233504
TN-501,Memphis/Shelby County CoC,739.0,537.0,202.0,519.0,202.0,167.0,5.0,545.0,0.0,446842,415557,31285,923352,17990,16191,1799,59212.0,72972.88876334579,176319.38582085414,1252.7011715143324
TN-502,Knoxville/Knox County CoC,786.0,545.0,241.0,303.0,241.0,400.0,31.0,112.0,0.0,246907,238402,8505,486812,11360,9201,2159,59934.0,146527.31079868527,246999.3240443912,1375.9012340691513
TN-503,Central Tennessee CoC,292.0,232.0,60.0,142.0,150.0,142.0,13.0,142.0,0.0,438966,422902,16064,905270,5795,5185,610,68383.13415666044,236883.01873548672,376291.75004997686,1432.7032546994697
TN-504,Nashville-Davidson County CoC,1107.0,1107.0,0.0,802.0,301.0,528.0,34.0,535.0,13.0,404212,386522,17690,703372,18130,16317,1813,82087.0,237468.49850007516,337803.01513001043,1588.917068776311
TN-506,Upper Cumberland CoC,382.0,155.0,227.0,96.0,58.0,145.0,3.0,9.0,1.0,137757,132543,5214,295696,2606,2394,212,52862.80205007846,188216.82976581898,290217.3987898518,1326.0241304873805
TN-507,Jackson/West Tennessee CoC,891.0,114.0,777.0,485.0,406.0,531.0,15.0,327.0,4.0,96878,92457,4421,202533,4495,4187,308,54098.322831341065,93013.23204240235,192513.06013871322,0.0
TN-509,Appalachian Regional CoC,310.0,199.0,111.0,203.0,106.0,268.0,6.0,29.0,0.0,153977,147555,6422,348752,6273,5702,571,49501.92076604578,94886.86962185317,172001.7972994163,347.47976859449005
TN-510,Murfreesboro/Rutherford County CoC,362.0,177.0,185.0,213.0,144.0,269.0,16.0,79.0,0.0,189949,183066,6883,351202,2209,1943,266,49411.0,229994.93046109405,313989.9282890871,1637.789507391989
TN-512,"Morristown/Blount, Sevier, Campbell, Cocke Counties CoC",472.0,122.0,350.0,178.0,293.0,431.0,22.0,32.0,0.0,64485,62134,2351,137649,1249,1161,88,52596.0,152742.10179461504,251452.837546547,1455.7351349851006
TX-500,San Antonio/Bexar County CoC,1499.0,1499.0,0.0,904.0,589.0,1128.0,744.0,340.0,8.0,953045,902092,50953,2030895,27250,23162,4088,51780.0,143967.57537008173,226187.66751502376,1302.3973225041902
TX-503,Austin/Travis County CoC,2954.0,716.0,2238.0,1636.0,1301.0,1644.0,960.0,1083.0,17.0,778563,747009,31554,1308544,10981,9333,1648,81708.0,325763.89740576176,477344.4391402937,1613.928464402388
TX-600,"Dallas City & County, Irving CoC",4570.0,3138.0,1432.0,3209.0,1342.0,1822.0,552.0,2523.0,58.0,1976453,1873813,102640,3702404,36450,30600,5850,73659.22213567185,213023.98459269205,308943.7371167026,1533.0690966282834
TX-601,"Fort Worth, Arlington/Tarrant County CoC",1300.0,821.0,479.0,775.0,524.0,637.0,162.0,611.0,9.0,72275,69048,3227,156966,583,536,47,65358.0,198495.81778912293,329042.9037806708,1351.1212095303638
TX-603,El Paso City & County CoC,528.0,528.0,0.0,304.0,222.0,479.0,399.0,27.0,2.0,366812,344209,22603,868086,14266,12554,1712,44064.0,110485.87060957962,158863.7764535393,1226.920037413109
TX-604,Waco/McLennan County CoC,143.0,102.0,41.0,87.0,56.0,106.0,46.0,33.0,0.0,124783,118750,6033,263714,3998,3598,400,49512.0,111791.94993706608,205884.8106150727,1248.3327500428456
TX-607,Texas Balance of State CoC,2562.0,2562.0,0.0,1268.0,1281.0,1718.0,855.0,723.0,21.0,3061935,2866141,195794,6817242,75121,65481,9640,51555.03254571277,119747.33132371977,206309.03264359766,1071.0756907639907
TX-624,"Wichita Falls/Wise, Palo Pinto, Wichita, Archer Counties CoC",156.0,156.0,0.0,82.0,74.0,131.0,27.0,21.0,1.0,89011,84423,4588,201894,2557,2303,254,51513.56507870467,94835.6701104333,181621.10573697137,640.6359697020096
TX-700,"Houston, Pasadena, Conroe/Harris, Fort Bend, Montgomery Counties CoC",3047.0,1537.0,1510.0,1943.0,1092.0,1211.0,411.0,1724.0,35.0,705064,663950,41114,1510385,4180,3891,289,67164.7831791232,210417.07090933088,305381.7165223902,1632.561016923334
TX-701,"Bryan, College Station/Brazos Valley CoC",49.0,33.0,16.0,21.0,12.0,17.0,3.0,16.0,0.0,123982,118912,5070,237583,2564,2256,308,46702.0,158428.85281221327,241201.49221744353,1383.280824103929
UT-500,Salt Lake City & County CoC,2314.0,1691.0,623.0,998.0,677.0,1275.0,382.0,205.0,21.0,656258,637796,18462,1186440,9491,8921,570,62547.0,355291.92876782804,471571.2137645073,1487.4268944425814
UT-503,Utah Balance of State CoC,1056.0,617.0,439.0,306.0,309.0,525.0,147.0,40.0,4.0,491678,478711,12967,1023461,6034,4911,1123,50135.27774580565,313739.64955010626,416748.5028493138,1253.9365093792635
UT-504,Provo/Mountainland CoC,195.0,102.0,93.0,53.0,49.0,89.0,23.0,7.0,1.0,25054,24324,730,43168,4,0,4,183972.0,458306.25899055897,923538.0648945128,0.0
VA-500,"Richmond/Henrico, Chesterfield, Hanover Counties CoC",834.0,736.0,98.0,409.0,322.0,144.0,11.0,554.0,6.0,436576,420550,16026,842463,6136,5530,606,69057.43787323598,213646.3353433061,306441.440865229,1455.3129650632736
VA-513,"Harrisonburg, Winchester/Western Virginia CoC",267.0,267.0,0.0,162.0,104.0,198.0,15.0,41.0,0.0,20211,19490,721,40957,215,197,18,54290.0,202240.35594661007,295041.94538692053,0.0
VA-514,"Fredericksburg/Spotsylvania, Stafford Counties CoC",180.0,162.0,18.0,120.0,60.0,92.0,13.0,65.0,0.0,73479,70794,2685,161584,612,556,56,62954.0,317602.72898278706,437878.03917696717,1834.0148590851852
VA-521,Virginia Balance of State CoC,870.0,801.0,69.0,453.0,416.0,539.0,41.0,259.0,8.0,51739,49919,1820,107780,423,387,36,67768.33388383745,254989.95762283553,377572.11069752567,0.0
VA-600,Arlington County CoC,171.0,144.0,27.0,111.0,60.0,51.0,31.0,92.0,10.0,152740,148157,4583,233574,2856,2656,200,107603.0,406514.702480017,739913.7400205323,2145.085331386678
VA-602,Loudoun County CoC,80.0,52.0,28.0,21.0,30.0,23.0,5.0,23.0,0.0,225653,218649,7004,428435,964,636,328,90254.0,454658.2327671012,649794.0504497256,1996.8381251405635
VT-501,Burlington/Chittenden County CoC,700.0,700.0,0.0,391.0,304.0,550.0,47.0,95.0,18.0,95121,92206,2915,169271,4866,4087,779,67921.0,266702.8588534157,371555.7107264833,1735.9583924526623
WA-500,Seattle/King County CoC,5183.0,5183.0,0.0,2921.0,2204.0,2327.0,769.0,1920.0,113.0,1279701,1226727,52974,2253038,36098,33210,2888,108212.0,477463.48885491147,735602.8976676222,2031.5450341019666
WA-501,Washington Balance of State CoC,3462.0,3462.0,0.0,1872.0,1557.0,2687.0,679.0,262.0,33.0,878900,827759,51141,1881345,18976,16355,2621,58154.0276897645,295705.7604235458,419284.5077512896,1330.4194691378439
WA-502,Spokane City & County CoC,992.0,992.0,0.0,593.0,383.0,735.0,115.0,110.0,8.0,259279,245137,14142,545498,7557,7103,454,53770.0,255270.50698979,360195.40158284386,1365.1028518579258
WA-503,"Tacoma, Lakewood/Pierce County CoC",1005.0,1005.0,0.0,582.0,417.0,501.0,148.0,213.0,12.0,445825,418632,27193,927199,10238,9111,1127,61580.0,375217.06640185666,483155.90337461635,1709.9988064358379
WA-504,Everett/Snohomish County CoC,494.0,494.0,0.0,280.0,209.0,336.0,51.0,62.0,16.0,437436,416470,20966,836037,8905,8192,713,68858.0,442772.7316117696,610609.1685000224,1844.5594918365975
WA-508,Vancouver/Clark County CoC,375.0,375.0,0.0,188.0,187.0,285.0,46.0,28.0,2.0,243695,230205,13490,512588,4564,3651,913,63427.0,360690.6229038445,452996.1547911743,1632.3577410079015
WI-500,Wisconsin Balance of State CoC,2420.0,2291.0,129.0,1297.0,1114.0,1598.0,203.0,448.0,15.0,1548473,1494838,53635,2888581,32874,28793,4081,61302.30634037958,157597.56124545535,240390.55347745362,515.8334450684255
WI-501,Milwaukee City & County CoC,817.0,800.0,17.0,501.0,310.0,302.0,108.0,475.0,6.0,464620,439453,25167,924207,22290,19392,2898,55927.0,119120.81823952455,196973.91479911702,1091.332263929634
WI-502,Racine City & County CoC,145.0,137.0,8.0,98.0,46.0,77.0,12.0,54.0,0.0,98417,93755,4662,196439,3084,2806,278,56884.0,119963.27778860222,199356.95618004334,819.0440789016386
WI-503,Madison/Dane County CoC,855.0,768.0,87.0,503.0,346.0,375.0,52.0,397.0,6.0,328495,319051,9444,561724,6608,5815,793,71062.0,246941.73523105765,347353.1984421851,1270.405123661273
WV-500,"Wheeling, Weirton Area CoC",86.0,86.0,0.0,49.0,35.0,68.0,3.0,8.0,1.0,33048,31192,1856,70469,2439,2112,327,56754.03512182662,53377.049570747506,117577.82854676494,0.0
WV-501,"Huntington/Cabell, Wayne Counties CoC",170.0,75.0,95.0,120.0,48.0,145.0,6.0,11.0,0.0,56356,53616,2740,132027,4189,3872,317,47301.74467343801,52763.90230421137,113918.9601209574,576.4530853328118
WV-503,"Charleston/Kanawha, Putnam, Boone, Clay Counties CoC",263.0,234.0,29.0,170.0,93.0,196.0,2.0,61.0,0.0,80038,75807,4231,177993,5661,5264,397,55897.0,61356.69782605217,116585.62067933806,769.8907699817788
WV-508,West Virginia Balance of State CoC,619.0,428.0,191.0,356.0,262.0,525.0,12.0,60.0,3.0,202828,194581,8247,412754,4496,4193,303,52814.22239154557,131209.9519039759,210050.47478463367,847.7340848841502
WY-500,Wyoming Statewide CoC,405.0,405.0,0.0,165.0,239.0,360.0,30.0,8.0,0.0,149889,142441,7448,306429,3893,3732,161,59760.09240639757,194349.81094880035,276173.81923214137,891.3858274851381
