coc_number,coc_name,overall_homeless,sheltered_total_homeless,unsheltered_homeless,overall_homeless_male,overall_homeless_female,overall_homeless_white,overall_homeless_hispanic_latino,overall_homeless_black_african_american_or_african,overall_homeless_asian_or_asian_american,labor_force,employed,unemployed,population,affordable_units_total,affordable_units_occupied,affordable_units_vacant,per_capita_income,zhvi_bottom_tier_value,zhvi_all_homes_value
AK-501,Alaska Balance of State CoC,796.0,620.0,176.0,452.0,339.0,334.0,41.0,24.0,18.0,51377,48864,2513,110297,1183.0,1162.0,21.0,59786.80442804428,134273.9087485935,250504.94643670108
AL-500,"Birmingham/Jefferson, St. Clair, Shelby Counties CoC",981.0,655.0,326.0,622.0,358.0,319.0,23.0,633.0,1.0,440052,427521,12531,876715,19698.0,17759.0,1939.0,56896.13435266877,66275.45101743577,157604.18331182326
AL-501,Mobile City & County/Baldwin County CoC,505.0,303.0,202.0,289.0,216.0,181.0,14.0,298.0,1.0,290784,280351,10433,637081,13996.0,12079.0,1917.0,42904.062588587636,77034.4688805563,155200.67723221288
AL-502,Florence/Northwest Alabama CoC,390.0,189.0,201.0,172.0,217.0,233.0,12.0,153.0,0.0,119743,115534,4209,266233,5591.0,5291.0,300.0,36797.062757058666,49925.04248064067,107747.13043131784
AL-503,Huntsville/North Alabama CoC,464.0,377.0,87.0,260.0,204.0,240.0,30.0,174.0,4.0,292011,283988,8023,591313,7407.0,6527.0,880.0,50121.93993536418,83556.80158961729,164889.9868838992
AL-504,Montgomery City & County CoC,330.0,273.0,57.0,192.0,138.0,76.0,5.0,236.0,0.0,180713,174971,5742,383288,6398.0,6101.0,297.0,44040.48470862641,53154.78615396792,121371.98928145373
AL-506,Tuscaloosa City & County CoC,44.0,44.0,0.0,27.0,17.0,22.0,4.0,22.0,0.0,106601,103555,3046,210321,4897.0,4113.0,784.0,40329.0,59624.0826280323,153353.32371190694
AL-507,Alabama Balance of State CoC,323.0,154.0,169.0,168.0,154.0,178.0,6.0,138.0,1.0,709031,685007,24024,1630440,29905.0,27115.0,2790.0,38404.23542356664,50884.33900157897,111500.13854993416
AR-500,Little Rock/Central Arkansas CoC,1066.0,493.0,573.0,651.0,414.0,503.0,30.0,532.0,0.0,284855,275647,9208,596609,10524.0,9543.0,981.0,48934.46766810423,61807.803795199325,139040.27762215893
AR-501,Fayetteville/Northwest Arkansas CoC,518.0,281.0,237.0,315.0,201.0,383.0,11.0,54.0,3.0,308845,300785,8060,627504,4038.0,3556.0,482.0,63653.40280221321,115348.56235698864,179055.66907135147
AR-503,Arkansas Balance of State CoC,811.0,266.0,545.0,539.0,272.0,528.0,14.0,245.0,1.0,388508,374241,14267,882474,15780.0,14563.0,1217.0,36422.353544693666,50339.01105666385,110181.45699260145
AR-505,Southeast Arkansas CoC,75.0,75.0,0.0,32.0,43.0,26.0,3.0,46.0,0.0,114288,108865,5423,273587,6808.0,5626.0,1182.0,39363.30044190696,21373.72331781842,67904.47482927187
AZ-500,Arizona Balance of State CoC,2021.0,1038.0,983.0,1245.0,767.0,1384.0,395.0,79.0,8.0,425244,400169,25075,1043775,4099.0,3838.0,261.0,38660.75855811837,152465.87675996433,247838.15584717455
AZ-501,Tucson/Pima County CoC,1372.0,1011.0,361.0,869.0,499.0,1006.0,428.0,166.0,1.0,482230,460541,21689,1049261,9206.0,8285.0,921.0,44649.0,143311.83540452982,214352.3882194769
AZ-502,"Phoenix, Mesa/Maricopa County CoC",6614.0,3426.0,3188.0,4183.0,2417.0,3926.0,1501.0,1663.0,39.0,2228930,2136668,92262,4492261,24287.0,22586.0,1701.0,49663.0,205735.58812070373,290517.6387169541
CA-500,San Jose/Santa Clara City & County CoC,9706.0,1784.0,7922.0,6008.0,3483.0,4257.0,4149.0,1820.0,334.0,1050634,1024216,26418,1922411,24235.0,21811.0,2424.0,114649.0,737609.1535691275,1130517.5915609077
CA-502,"Oakland, Berkeley/Alameda County CoC",8022.0,1710.0,6312.0,4910.0,2829.0,2516.0,1387.0,3792.0,126.0,843043,817987,25056,1668412,34126.0,30030.0,4096.0,78839.0,540532.0226772755,817088.608323889
CA-503,Sacramento City & County CoC,5561.0,1661.0,3900.0,3425.0,2095.0,2605.0,985.0,1869.0,49.0,711747,685309,26438,1551660,19542.0,17783.0,1759.0,53278.0,272259.8954734557,375722.7705260155
CA-504,"Santa Rosa, Petaluma/Sonoma County CoC",2951.0,994.0,1957.0,2028.0,916.0,1908.0,831.0,263.0,8.0,257679,250679,7000,492318,6444.0,5992.0,452.0,64869.0,426836.77493454196,632028.8754105562
CA-505,Richmond/Contra Costa County CoC,2295.0,668.0,1627.0,1438.0,851.0,1033.0,380.0,775.0,40.0,560966,543515,17451,1152883,15195.0,13219.0,1976.0,84614.0,429591.092010618,629420.1742843098
CA-506,"Salinas/Monterey, San Benito Counties CoC",2704.0,706.0,1998.0,1759.0,942.0,1728.0,1341.0,293.0,53.0,253908,238327,15581,496183,5927.0,4437.0,1490.0,56071.746347617714,388231.58940641896,555496.8314275449
CA-507,Marin County CoC,1034.0,326.0,708.0,693.0,338.0,684.0,194.0,173.0,17.0,138885,135647,3238,259085,3567.0,3388.0,179.0,138903.0,618766.4434166632,1048555.623935503
CA-508,Watsonville/Santa Cruz City & County CoC,2167.0,467.0,1700.0,1453.0,713.0,1455.0,715.0,164.0,20.0,141396,134445,6951,272870,6143.0,5651.0,492.0,68990.0,513486.4053671263,781188.3194889249
CA-509,Mendocino County CoC,785.0,247.0,538.0,500.0,283.0,629.0,83.0,13.0,2.0,38741,37188,1553,86932,1690.0,1335.0,355.0,49803.0,259979.69059793474,405298.37045225373
CA-510,"Turlock, Modesto/Stanislaus County CoC",1923.0,835.0,1088.0,1199.0,717.0,1484.0,599.0,220.0,29.0,242927,228115,14812,549761,6335.0,5891.0,444.0,43402.0,245542.64289984453,323757.708394059
CA-511,Stockton/San Joaquin County CoC,2631.0,1073.0,1558.0,1660.0,968.0,1717.0,811.0,666.0,62.0,327149,307694,19455,761571,7770.0,6837.0,933.0,45075.0,263543.0675236353,380142.3111171746
CA-512,Daly City/San Mateo County CoC,1512.0,611.0,901.0,1011.0,497.0,1007.0,576.0,201.0,38.0,457390,447922,9468,764810,6536.0,6209.0,327.0,132133.0,828172.7074633082,1264176.6920175226
CA-513,"Visalia/Kings, Tulare Counties CoC",1064.0,289.0,775.0,642.0,421.0,890.0,473.0,116.0,12.0,260382,236017,24365,618478,5547.0,5142.0,405.0,39151.50963170881,149690.00510665987,224400.53795867792
CA-514,Fresno City & County/Madera County CoC,2508.0,439.0,2069.0,1648.0,855.0,1682.0,1166.0,430.0,38.0,513528,476279,37249,1154564,18637.0,18230.0,407.0,42439.67468239093,169198.5756434527,262907.0544764375
CA-515,"Roseville, Rocklin/Placer, Nevada Counties CoC",617.0,321.0,296.0,386.0,228.0,476.0,98.0,50.0,9.0,237485,229941,7544,498566,2134.0,1960.0,174.0,66226.70509421019,369270.0365262282,500010.8845684223
CA-516,"Redding/Shasta, Siskiyou, Lassen, Plumas, Del Norte, Modoc, Sierra Counties CoC",1349.0,543.0,806.0,836.0,506.0,1090.0,93.0,43.0,15.0,121942,115394,6548,312782,4734.0,4223.0,511.0,44360.19123542915,149516.72514192946,246687.21918138873
CA-517,Napa City & County CoC,322.0,172.0,150.0,213.0,108.0,248.0,124.0,11.0,4.0,73378,71264,2114,137678,1883.0,1506.0,377.0,73886.0,468652.28847937426,678683.1082649978
CA-518,Vallejo/Solano County CoC,1151.0,219.0,932.0,846.0,304.0,444.0,187.0,428.0,22.0,208505,200578,7927,447434,6703.0,5697.0,1006.0,51889.0,356485.46303769643,453123.6791857249
CA-519,"Chico, Paradise/Butte County CoC",1266.0,428.0,838.0,775.0,485.0,1009.0,163.0,64.0,7.0,98123,93097,5026,218726,3081.0,2742.0,339.0,45175.0,199538.68330303856,314725.87361002807
CA-520,Merced City & County CoC,608.0,320.0,288.0,398.0,210.0,445.0,207.0,79.0,1.0,115962,106504,9458,277114,3563.0,3064.0,499.0,37952.0,201421.813169212,276992.59529907577
CA-521,"Davis, Woodland/Yolo County CoC",655.0,258.0,397.0,422.0,231.0,454.0,207.0,121.0,14.0,108162,103663,4499,220019,2994.0,2514.0,480.0,54398.0,327698.6240187415,453957.12785096746
CA-522,Humboldt County CoC,1702.0,300.0,1402.0,1425.0,267.0,1500.0,76.0,46.0,8.0,62240,59978,2262,135839,2007.0,1525.0,482.0,46072.0,204932.463482068,325753.6369002667
CA-523,"Colusa, Glenn, Trinity Counties CoC",192.0,42.0,150.0,114.0,78.0,169.0,38.0,3.0,4.0,28650,26175,2475,62256,408.0,382.0,26.0,43083.1632613724,158578.89947227968,254584.81117309773
CA-524,Yuba City & County/Sutter County CoC,721.0,202.0,519.0,404.0,314.0,545.0,101.0,45.0,10.0,75345,70140,5205,175459,1966.0,1918.0,48.0,43411.02454704518,210615.28851368703,299119.69452479517
CA-525,El Dorado County CoC,613.0,133.0,480.0,384.0,216.0,567.0,166.0,25.0,0.0,92335,89061,3274,193057,805.0,732.0,73.0,68125.0,326221.59680826304,499362.12602893775
CA-526,"Tuolumne, Amador, Calaveras, Mariposa Counties CoC",845.0,158.0,687.0,499.0,346.0,731.0,54.0,20.0,6.0,64804,62096,2708,157219,633.0,576.0,57.0,47124.559143614955,202277.08433503166,313584.7441818779
CA-527,Tehama County CoC,288.0,73.0,215.0,178.0,110.0,251.0,51.0,4.0,1.0,25602,24156,1446,65186,667.0,640.0,27.0,40775.0,114458.53586333741,226337.61310555678
CA-529,Lake County CoC,408.0,26.0,382.0,232.0,176.0,344.0,57.0,9.0,1.0,29063,27576,1487,64463,473.0,435.0,38.0,42144.0,136034.47743840457,242462.24299904428
CA-530,"Alpine, Inyo, Mono Counties CoC",214.0,17.0,197.0,142.0,72.0,195.0,24.0,0.0,0.0,17836,17177,659,33556,25.0,20.0,5.0,56192.687149839076,233179.80826985184,385516.1552076773
CA-600,Los Angeles City & County CoC,56257.0,13786.0,42471.0,37537.0,17476.0,26152.0,20523.0,23983.0,770.0,5151546,4920831,230715,10011602,148424.0,133581.0,14843.0,63043.0,416040.5563345102,608782.7503557237
CA-601,San Diego City and County CoC,8102.0,3626.0,4476.0,5364.0,2697.0,5377.0,2352.0,1925.0,149.0,1583579,1532211,51368,3330459,40321.0,37095.0,3226.0,60845.0,410012.37135389267,590189.7991021251
CA-602,"Santa Ana, Anaheim/Orange County CoC",6860.0,2899.0,3961.0,4310.0,2536.0,4983.0,2480.0,768.0,218.0,1616766,1571261,45505,3170851,27438.0,24419.0,3019.0,69951.0,501074.3389084912,716386.1922685228
CA-603,Santa Maria/Santa Barbara County CoC,1803.0,670.0,1133.0,1090.0,706.0,1499.0,695.0,128.0,15.0,222769,214665,8104,445464,7613.0,7156.0,457.0,62715.0,358493.090700902,560520.7896140888
CA-604,Bakersfield/Kern County CoC,1330.0,525.0,805.0,927.0,402.0,978.0,392.0,205.0,10.0,388812,358380,30432,898898,5810.0,5519.0,291.0,39559.0,148201.25543487456,224972.96477832834
CA-606,Long Beach CoC,1894.0,619.0,1275.0,1311.0,578.0,1049.0,598.0,664.0,54.0,5151546,4920831,230715,10011602,148424.0,133581.0,14843.0,63043.0,416040.5563345102,608782.7503557237
CA-607,Pasadena CoC,542.0,221.0,321.0,366.0,169.0,296.0,173.0,186.0,9.0,5151546,4920831,230715,10011602,148424.0,133581.0,14843.0,63043.0,416040.5563345102,608782.7503557237
CA-608,Riverside City & County CoC,2811.0,766.0,2045.0,1844.0,944.0,1888.0,990.0,494.0,36.0,1108093,1061450,46643,2465569,13590.0,11959.0,1631.0,41385.0,279912.0870506909,394299.0850332042
CA-609,San Bernardino City & County CoC,2607.0,687.0,1920.0,1695.0,892.0,1402.0,798.0,658.0,20.0,967128,929765,37363,2177279,15044.0,14442.0,602.0,40537.0,233323.09577983024,358680.5346360979
CA-611,"Oxnard, San Buenaventura/Ventura County CoC",1669.0,411.0,1258.0,1101.0,559.0,1329.0,621.0,121.0,21.0,422283,406924,15359,844203,8989.0,8090.0,899.0,63190.0,445886.2491730197,609875.3274967914
CA-612,Glendale CoC,243.0,96.0,147.0,134.0,108.0,140.0,102.0,47.0,7.0,5151546,4920831,230715,10011602,148424.0,133581.0,14843.0,63043.0,416040.5563345102,608782.7503557237
CA-613,Imperial County CoC,1413.0,188.0,1225.0,923.0,466.0,1244.0,484.0,84.0,0.0,73647,58403,15244,180439,3146.0,3020.0,126.0,37196.0,137141.5269654237,223638.03220010933
CA-614,San Luis Obispo County CoC,1483.0,311.0,1172.0,1015.0,468.0,1070.0,420.0,96.0,12.0,139905,135854,4051,282728,2658.0,2498.0,160.0,58693.0,401759.2387269453,605495.1515081722
CO-500,Colorado Balance of State CoC,2302.0,1504.0,798.0,1516.0,763.0,1809.0,585.0,99.0,5.0,782287,760601,21686,1477424,16551.0,14880.0,1671.0,52031.350331387606,211563.92383868873,333725.22711105
CO-503,Metropolitan Denver CoC,5755.0,4809.0,946.0,3761.0,1931.0,3316.0,1398.0,1307.0,49.0,558475,544518,13957,1007893,5112.0,4639.0,473.0,68162.88070955945,348220.10573093605,461879.68972661486
CO-504,Colorado Springs/El Paso County CoC,1562.0,1118.0,444.0,1012.0,544.0,1126.0,226.0,272.0,11.0,338652,327886,10766,721929,5012.0,4560.0,452.0,50845.0,243061.70289086812,326776.5601387587
CT-503,"Bridgeport, Stamford, Norwalk/Fairfield County CoC",771.0,673.0,98.0,452.0,316.0,305.0,267.0,385.0,10.0,486096,468976,17120,944388,18405.0,17116.0,1289.0,118515.0,232390.4372077906,400774.57244712673
CT-505,Connecticut Balance of State CoC,2262.0,1904.0,358.0,1443.0,817.0,1256.0,631.0,765.0,5.0,1452544,1399792,52752,2621634,64110.0,58475.0,5635.0,60404.872436808495,145374.11283224047,231961.15659822006
DE-500,Delaware Statewide CoC,921.0,826.0,95.0,546.0,373.0,372.0,83.0,478.0,2.0,484658,467162,17496,976668,13193.0,12027.0,1166.0,53792.372946589836,146606.718835582,249765.49360108902
FL-500,"Sarasota, Bradenton/Manatee, Sarasota Counties CoC",1135.0,735.0,400.0,809.0,321.0,839.0,138.0,244.0,3.0,367477,355699,11778,837983,4977.0,4351.0,626.0,59917.11710142091,172364.76321295605,276390.36721937306
FL-501,Tampa/Hillsborough County CoC,1650.0,978.0,672.0,1020.0,628.0,819.0,327.0,752.0,3.0,752421,728513,23908,1476431,15055.0,14753.0,302.0,48586.0,154926.37599128,237665.5972085134
FL-502,"St. Petersburg, Clearwater, Largo/Pinellas County CoC",2415.0,1581.0,834.0,1650.0,760.0,1527.0,162.0,764.0,8.0,483146,468232,14914,975367,12927.0,11892.0,1035.0,56002.0,127268.85900834575,225854.16826838918
FL-503,"Lakeland, Winterhaven/Polk County CoC",563.0,449.0,114.0,348.0,215.0,347.0,65.0,179.0,2.0,304617,292955,11662,724967,4441.0,3908.0,533.0,37183.0,118279.62686388828,192015.24753961794
FL-504,"Daytona Beach, Daytona/Volusia, Flagler Counties CoC",875.0,368.0,507.0,514.0,360.0,594.0,80.0,241.0,1.0,299927,289119,10808,669546,5490.0,5005.0,485.0,45173.30613430593,148496.67603222214,218538.59025381654
FL-505,"Fort Walton Beach/Okaloosa, Walton Counties CoC",399.0,165.0,234.0,248.0,151.0,322.0,22.0,64.0,2.0,128025,124428,3597,285538,2299.0,2005.0,294.0,55155.8907150712,155549.28733375508,269816.9139287745
FL-506,Tallahassee/Leon County CoC,966.0,875.0,91.0,630.0,330.0,335.0,57.0,593.0,4.0,216143,208990,7153,448042,5724.0,5221.0,503.0,42372.8435213663,85297.21707443245,167803.82051155667
FL-507,"Orlando/Orange, Osceola, Seminole Counties CoC",2010.0,1674.0,336.0,1242.0,758.0,838.0,375.0,1096.0,9.0,1191915,1155477,36438,2241332,10078.0,9796.0,282.0,45958.20145119063,166537.59841552153,256786.47919873396
FL-508,"Gainesville/Alachua, Putnam Counties CoC",804.0,306.0,498.0,526.0,274.0,417.0,53.0,336.0,5.0,199295,192735,6560,432338,6345.0,5302.0,1043.0,42139.71319430631,88850.55232509093,167152.42862375648
FL-509,"Fort Pierce/St. Lucie, Indian River, Martin Counties CoC",1499.0,154.0,1345.0,816.0,683.0,971.0,77.0,429.0,0.0,138136,133206,4930,320951,821.0,799.0,22.0,85341.59661443646,147032.98142503135,262323.0065000809
FL-510,"Jacksonville-Duval, Clay Counties CoC",1654.0,1146.0,508.0,1116.0,532.0,665.0,42.0,900.0,7.0,633000,612051,20949,1267450,18035.0,17119.0,916.0,48550.24927216064,119703.16800246265,202130.5834503113
FL-511,"Pensacola/Escambia, Santa Rosa Counties CoC",518.0,341.0,177.0,378.0,139.0,285.0,19.0,210.0,1.0,227277,219987,7290,503966,5331.0,4921.0,410.0,45258.60889623506,99816.65207291309,181359.42335331618
FL-513,"Palm Bay, Melbourne/Brevard County CoC",815.0,418.0,397.0,557.0,257.0,579.0,66.0,194.0,3.0,282118,272891,9227,601024,5308.0,4777.0,531.0,48539.0,144351.5368475567,226681.7041643744
FL-514,Ocala/Marion County CoC,475.0,296.0,179.0,321.0,154.0,330.0,26.0,132.0,1.0,138387,132975,5412,365997,2394.0,2178.0,216.0,38754.0,102006.21995639386,163185.3424789333
FL-515,"Panama City/Bay, Jackson Counties CoC",488.0,133.0,355.0,311.0,174.0,317.0,45.0,153.0,4.0,127466,122625,4841,293098,3708.0,2795.0,913.0,41692.20367590362,86651.46730188183,168089.5495624526
FL-517,"Hendry, Hardee, Highlands Counties CoC",398.0,48.0,350.0,229.0,169.0,260.0,92.0,138.0,0.0,82126,78243,3883,230820,703.0,655.0,48.0,32337.635616497704,69145.75255724617,136411.99416974364
FL-518,"Columbia, Hamilton, Lafayette, Suwannee Counties CoC",538.0,113.0,425.0,306.0,232.0,304.0,19.0,231.0,0.0,54927,53042,1885,139040,923.0,847.0,76.0,33460.159752589185,64077.97598083956,132927.1746177349
FL-519,Pasco County CoC,894.0,206.0,688.0,581.0,307.0,748.0,72.0,97.0,3.0,238759,230189,8570,554032,2296.0,2043.0,253.0,42495.0,118432.17396462707,207443.12816199465
FL-520,"Citrus, Hernando, Lake, Sumter Counties CoC",677.0,346.0,331.0,411.0,265.0,534.0,50.0,103.0,9.0,311759,299514,12245,845156,1698.0,1507.0,191.0,43597.02362404101,143306.47952252734,215715.16496413588
FL-600,Miami-Dade County CoC,3472.0,2464.0,1008.0,2299.0,1156.0,1361.0,1136.0,2037.0,11.0,1380967,1340911,40056,2711612,50278.0,46758.0,3520.0,54316.0,180734.90626353907,301041.93438417214
FL-601,Ft Lauderdale/Broward County CoC,2803.0,1453.0,1350.0,1934.0,858.0,1129.0,306.0,1617.0,10.0,1034991,1002809,32182,1955475,16400.0,15088.0,1312.0,52864.0,139519.0317465738,266434.7838625364
FL-602,Punta Gorda/Charlotte County CoC,156.0,89.0,67.0,102.0,54.0,138.0,14.0,10.0,0.0,71496,68795,2701,189669,813.0,804.0,9.0,43549.0,133985.57375241982,212675.8197015679
FL-603,"Ft Myers, Cape Coral/Lee County CoC",372.0,210.0,162.0,211.0,161.0,244.0,46.0,120.0,1.0,346866,335640,11226,772268,4784.0,4401.0,383.0,52832.0,123287.69999929145,231987.8552625247
FL-604,Monroe County CoC,501.0,292.0,209.0,406.0,94.0,457.0,70.0,30.0,1.0,46287,45320,967,73897,1373.0,1345.0,28.0,104370.0,347478.32227874355,547298.8022021516
FL-605,West Palm Beach/Palm Beach County CoC,1397.0,457.0,940.0,930.0,461.0,624.0,171.0,711.0,17.0,730620,706156,24464,1497800,10912.0,9711.0,1201.0,85213.0,149151.03792096864,288325.555179074
FL-606,Naples/Collier County CoC,498.0,399.0,99.0,266.0,231.0,348.0,145.0,98.0,3.0,179452,173715,5737,385917,938.0,862.0,76.0,103205.0,201829.28842581567,354247.5169367753
GA-501,Georgia Balance of State CoC,4183.0,1921.0,2262.0,2404.0,1770.0,1905.0,257.0,2080.0,42.0,3283134,3167157,115977,6961757,64340.0,57083.0,7257.0,41740.14336854906,109913.84502263812,180644.19464984632
GA-503,Athens-Clarke County CoC,237.0,182.0,55.0,143.0,93.0,109.0,7.0,121.0,1.0,59878,57657,2221,128238,2660.0,2367.0,293.0,34935.0,88536.14951701678,172631.00702332763
GA-504,Augusta-Richmond County CoC,384.0,223.0,161.0,256.0,128.0,127.0,10.0,244.0,3.0,85588,81551,4037,202639,7592.0,7060.0,532.0,38663.0,47624.35385733991,106290.28833538154
GA-505,Columbus-Muscogee/Russell County CoC,278.0,226.0,52.0,165.0,112.0,111.0,5.0,153.0,0.0,102109,97656,4453,254172,6748.0,6321.0,427.0,42358.7897644115,40948.38081488921,107802.31512574202
GA-506,Marietta/Cobb County CoC,451.0,324.0,127.0,269.0,181.0,159.0,4.0,257.0,1.0,425031,411806,13225,761060,3452.0,3382.0,70.0,60383.0,172533.79568285766,264200.1662518152
GA-507,Savannah/Chatham County CoC,686.0,455.0,231.0,481.0,199.0,286.0,16.0,392.0,3.0,141530,136702,4828,290185,5677.0,5506.0,171.0,48545.0,96309.09700007878,181914.36225410577
HI-500,Hawaii Balance of State CoC,1995.0,758.0,1237.0,1153.0,837.0,684.0,281.0,65.0,107.0,131579,127608,3971,274355,4845.0,4187.0,658.0,44765.47044887099,253438.6141604057,418113.94182315096
IA-500,"Sioux City/Dakota, Woodbury Counties CoC",255.0,248.0,7.0,147.0,107.0,130.0,38.0,48.0,1.0,67686,65757,1929,123232,2680.0,2358.0,322.0,44587.56881329525,68381.90546377616,126476.74278835383
IA-501,Iowa Balance of State CoC,1379.0,1290.0,89.0,774.0,605.0,943.0,104.0,356.0,6.0,1303220,1268137,35083,2364601,29882.0,26315.0,3567.0,49540.09887926123,72954.57745342048,138663.48664433433
IA-502,Des Moines/Polk County CoC,681.0,589.0,92.0,474.0,205.0,458.0,55.0,162.0,13.0,273930,266367,7563,491031,5830.0,5305.0,525.0,54049.0,114481.63900755499,190149.83637877382
ID-500,Boise/Ada County CoC,713.0,652.0,61.0,486.0,226.0,602.0,63.0,44.0,5.0,256258,249887,6371,481880,3266.0,2906.0,360.0,54506.0,269642.6859390678,349357.1412461513
ID-501,Idaho Balance of State CoC,1602.0,678.0,924.0,906.0,694.0,1301.0,194.0,29.0,7.0,623047,604112,18935,1291455,9176.0,8233.0,943.0,42560.89520424637,169172.5520794419,248788.42790699704
IL-500,McHenry County CoC,159.0,158.0,1.0,76.0,83.0,123.0,13.0,30.0,5.0,170564,164696,5868,307439,1664.0,1547.0,117.0,57126.0,133714.87382729937,204692.97878114015
IL-501,"Rockford/Winnebago, Boone Counties CoC",403.0,358.0,45.0,218.0,184.0,188.0,40.0,191.0,3.0,166706,157666,9040,335746,6909.0,6043.0,866.0,44621.05997390885,64691.78358685801,119591.70155854475
IL-502,"Waukegan, North Chicago/Lake County CoC",252.0,220.0,32.0,132.0,119.0,135.0,56.0,99.0,2.0,378973,363936,15037,697134,8840.0,8132.0,708.0,82580.0,139000.02228652578,236712.1784809379
IL-503,"Champaign, Urbana, Rantoul/Champaign County CoC",151.0,149.0,2.0,89.0,61.0,45.0,6.0,104.0,0.0,109493,105553,3940,209612,2807.0,2385.0,422.0,45591.0,79412.22291682127,143529.5148218303
IL-504,Madison County CoC,101.0,69.0,32.0,46.0,55.0,48.0,2.0,48.0,0.0,135511,130418,5093,263609,3447.0,3067.0,380.0,48261.0,50241.28056461755,113922.27070776485
IL-506,"Joliet, Bolingbrook/Will County CoC",278.0,235.0,43.0,167.0,111.0,132.0,49.0,140.0,2.0,97811,94132,3679,179931,682.0,644.0,38.0,53078.47789986162,153346.05001454314,221646.52057578985
IL-507,"Peoria, Pekin/Fulton, Tazewell, Peoria, Woodford Counties CoC",285.0,270.0,15.0,166.0,117.0,162.0,14.0,105.0,3.0,184255,175832,8423,383800,8531.0,7667.0,864.0,48943.84458832725,47171.075081653114,101005.24422601826
IL-512,Bloomington/Central Illinois CoC,319.0,258.0,61.0,185.0,133.0,180.0,5.0,124.0,1.0,248988,238543,10445,502808,7984.0,6552.0,1432.0,45245.61919261428,58708.06898097652,113321.4195755877
IL-513,Springfield/Sangamon County CoC,284.0,259.0,25.0,173.0,111.0,173.0,15.0,91.0,0.0,100266,96324,3942,194882,4029.0,3706.0,323.0,49380.0,55632.362546192744,121987.0495204624
IL-515,South Central Illinois CoC,94.0,59.0,35.0,42.0,51.0,85.0,5.0,7.0,0.0,193699,185950,7749,391838,4325.0,3808.0,517.0,44123.54530954119,34430.28574432649,78497.58482435918
IL-516,Decatur/Macon County CoC,169.0,158.0,11.0,100.0,69.0,87.0,3.0,71.0,1.0,48922,46452,2470,104012,3011.0,2709.0,302.0,48151.0,24248.19132061031,70211.28705133851
IL-518,"Rock Island, Moline/Northwestern Illinois CoC",211.0,195.0,16.0,125.0,86.0,134.0,8.0,66.0,0.0,266458,254485,11973,530877,9883.0,9044.0,839.0,44373.12759641122,47232.601614898274,94746.25868478592
IL-519,West Central Illinois CoC,68.0,66.0,2.0,27.0,40.0,51.0,2.0,10.0,0.0,105126,101081,4045,216235,4006.0,3492.0,514.0,42569.458838763385,38346.358568723874,83471.12852872405
IL-520,Southern Illinois CoC,294.0,239.0,55.0,144.0,150.0,214.0,19.0,65.0,0.0,229844,220253,9591,492171,9373.0,8247.0,1126.0,40940.52495169362,25057.902565493718,67777.34608285347
IN-502,Indiana Balance of State CoC,3904.0,3367.0,537.0,2201.0,1690.0,2735.0,199.0,976.0,15.0,2677169,2589162,88007,5302110,64447.0,58361.0,6086.0,47861.93371148467,92188.57224770168,157168.99610876435
IN-503,Indianapolis CoC,1567.0,1462.0,105.0,1045.0,515.0,554.0,45.0,956.0,10.0,497466,481261,16205,963829,16478.0,14665.0,1813.0,56383.0,71449.52842326758,140483.31065617673
KS-502,Wichita/Sedgwick County CoC,593.0,536.0,57.0,401.0,192.0,352.0,66.0,181.0,10.0,255062,245943,9119,516579,5425.0,4774.0,651.0,54385.0,67127.94797948061,136478.120607482
KS-503,Topeka/Shawnee County CoC,441.0,373.0,68.0,275.0,166.0,276.0,42.0,100.0,2.0,91284,88136,3148,176735,3199.0,2847.0,352.0,48091.0,60394.43871006667,127584.57513987926
KS-505,"Overland Park, Shawnee/Johnson County CoC",189.0,150.0,39.0,82.0,107.0,110.0,13.0,52.0,4.0,343289,333470,9819,602948,3470.0,3365.0,105.0,78670.0,203956.10418057014,292528.32330467424
KS-507,Kansas Balance of State CoC,1056.0,822.0,234.0,615.0,440.0,716.0,114.0,166.0,2.0,737164,713457,23707,1450364,17833.0,14910.0,2923.0,44973.278874130905,60887.4452290882,110777.14180926065
KY-500,Kentucky Balance of State CoC,2221.0,1571.0,650.0,1214.0,1004.0,1840.0,56.0,271.0,1.0,1494001,1429876,64125,3380638,56888.0,51273.0,5615.0,40739.804473593445,58814.560289282934,121236.1944600248
KY-501,Louisville-Jefferson County CoC,1071.0,953.0,118.0,753.0,318.0,498.0,53.0,481.0,2.0,399366,383947,15419,767785,21224.0,18040.0,3184.0,54293.0,90650.91040986693,172283.272063165
KY-502,Lexington-Fayette County CoC,787.0,776.0,11.0,525.0,262.0,529.0,38.0,207.0,8.0,175611,170050,5561,323922,6484.0,5641.0,843.0,51983.0,118944.11839055081,191747.83037154595
MA-500,Boston CoC,6242.0,6121.0,121.0,3286.0,2941.0,2154.0,2663.0,2946.0,61.0,463611,451029,12582,805915,53574.0,49823.0,3751.0,84307.0,373929.1741341306,552303.2892571787
MA-502,Lynn CoC,1035.0,1030.0,5.0,444.0,590.0,697.0,572.0,303.0,4.0,432463,419054,13409,789725,20449.0,19017.0,1432.0,68854.0,309811.7723623674,448751.239720044
MA-503,Cape Cod Islands CoC,371.0,333.0,38.0,174.0,196.0,272.0,50.0,78.0,1.0,125424,120344,5080,230384,3639.0,3286.0,353.0,76231.96783630807,327063.65646442195,471079.5101174627
MA-504,Springfield/Hampden County CoC,2443.0,2401.0,42.0,1125.0,1316.0,1399.0,1419.0,457.0,8.0,231504,221632,9872,465749,20198.0,18784.0,1414.0,52905.0,153952.82720143732,216735.00455200064
MA-505,New Bedford CoC,433.0,380.0,53.0,236.0,197.0,244.0,110.0,115.0,0.0,305573,293704,11869,565096,15129.0,14372.0,757.0,55411.0,237043.87093775443,333532.52162023465
MA-506,Worcester City & County CoC,1593.0,1424.0,169.0,827.0,760.0,1165.0,623.0,373.0,23.0,452272,437449,14823,829327,18529.0,17973.0,556.0,58196.0,204886.63593177169,298244.80309655546
MA-507,"Pittsfield/Berkshire, Franklin, Hampshire Counties CoC",546.0,512.0,34.0,326.0,217.0,402.0,121.0,91.0,1.0,198317,192186,6131,357089,7823.0,7380.0,443.0,55439.768573100824,167590.2434434361,249122.40492911282
MA-509,Cambridge CoC,555.0,497.0,58.0,351.0,197.0,301.0,106.0,222.0,5.0,935440,912957,22483,1611263,33382.0,30711.0,2671.0,86525.0,352616.83947685454,540343.6038553946
MA-511,"Quincy, Brockton, Weymouth, Plymouth City and County CoC",1088.0,1075.0,13.0,546.0,540.0,551.0,192.0,497.0,4.0,289126,280017,9109,521841,9534.0,9152.0,382.0,68792.0,285407.99853838846,400960.04536590277
MA-515,Fall River CoC,320.0,316.0,4.0,150.0,170.0,185.0,105.0,114.0,3.0,305573,293704,11869,565096,15129.0,14372.0,757.0,55411.0,237043.87093775443,333532.52162023465
MA-519,"Attleboro, Taunton/Bristol County CoC",256.0,222.0,34.0,137.0,118.0,131.0,98.0,115.0,1.0,305573,293704,11869,565096,15129.0,14372.0,757.0,55411.0,237043.87093775443,333532.52162023465
MD-502,Harford County CoC,228.0,205.0,23.0,127.0,100.0,116.0,24.0,83.0,1.0,146415,141813,4602,255594,3287.0,2826.0,461.0,59653.0,182836.39300835668,282113.8844219464
MD-503,Annapolis/Anne Arundel County CoC,302.0,241.0,61.0,189.0,112.0,164.0,6.0,118.0,1.0,327478,318030,9448,579895,6030.0,5246.0,784.0,68314.0,241673.2594162011,352336.4899738501
MD-504,Howard County CoC,201.0,129.0,72.0,107.0,93.0,45.0,9.0,132.0,2.0,195361,190301,5060,325951,3740.0,3104.0,636.0,78033.0,297884.6186999967,448731.28403176606
MD-505,Baltimore County CoC,735.0,486.0,249.0,391.0,344.0,253.0,12.0,439.0,3.0,468143,451794,16349,828503,12145.0,10080.0,2065.0,62543.0,157329.0931471735,244630.77647450275
MD-506,Carroll County CoC,144.0,121.0,23.0,84.0,57.0,111.0,3.0,15.0,0.0,98869,96144,2725,168774,1381.0,1325.0,56.0,63409.0,226224.38227831505,329298.4004492609
MD-509,Frederick City & County CoC,286.0,208.0,78.0,204.0,82.0,183.0,14.0,81.0,2.0,140663,136461,4202,260609,2343.0,2249.0,94.0,62804.0,228699.60302112077,335062.0960781555
MD-511,Mid-Shore Regional CoC,164.0,146.0,18.0,80.0,84.0,83.0,13.0,66.0,0.0,65322,62923,2399,121985,1704.0,1496.0,208.0,56482.432143296304,122363.54470856792,223626.86769397598
MD-513,"Wicomico, Somerset, Worcester Counties CoC",275.0,238.0,37.0,164.0,110.0,116.0,3.0,152.0,0.0,87907,83179,4728,181875,2865.0,2399.0,466.0,44079.691947766325,96513.3311851336,178440.39316073744
MD-601,Montgomery County CoC,647.0,572.0,75.0,369.0,277.0,183.0,94.0,388.0,20.0,576770,560710,16060,1051129,12666.0,11652.0,1014.0,86221.0,288464.4109297738,467334.4881321585
ME-500,Maine Balance of State CoC,2106.0,2011.0,95.0,1094.0,995.0,1581.0,100.0,375.0,9.0,697789,677458,20331,1345770,26608.0,24454.0,2154.0,50421.08289009266,141441.7117186658,215496.00070286283
MI-500,Michigan Balance of State CoC,1298.0,1164.0,134.0,633.0,660.0,1070.0,77.0,113.0,8.0,895495,852873,42622,1938848,23335.0,21598.0,1737.0,41571.97788738467,52299.233854321734,116025.87783756338
MI-501,Detroit CoC,1965.0,1879.0,86.0,1325.0,639.0,180.0,30.0,1739.0,0.0,818098,777272,40826,1750093,42971.0,38673.0,4298.0,44308.0,28180.27592343163,99493.57868430098
MI-502,"Dearborn, Dearborn Heights, Westland/Wayne County CoC",222.0,205.0,17.0,114.0,107.0,92.0,8.0,108.0,5.0,818098,777272,40826,1750093,42971.0,38673.0,4298.0,44308.0,28180.27592343163,99493.57868430098
MI-503,"St. Clair Shores, Warren/Macomb County CoC",265.0,245.0,20.0,158.0,107.0,116.0,11.0,136.0,1.0,457368,438286,19082,872389,9201.0,8372.0,829.0,47730.0,101050.08481375327,173404.8709687548
MI-504,"Pontiac, Royal Oak/Oakland County CoC",425.0,382.0,43.0,237.0,187.0,136.0,12.0,260.0,2.0,689483,666319,23164,1257726,12520.0,11142.0,1378.0,73468.0,148811.60637199553,251275.95201845255
MI-505,Flint/Genesee County CoC,450.0,402.0,48.0,295.0,155.0,97.0,47.0,344.0,0.0,181707,172581,9126,405702,6608.0,5748.0,860.0,41940.0,26810.730701514036,107024.20285514387
MI-506,"Grand Rapids, Wyoming/Kent County CoC",759.0,743.0,16.0,440.0,316.0,321.0,106.0,382.0,1.0,362274,351702,10572,656800,10911.0,10256.0,655.0,53799.0,144283.60553226186,214468.45022412727
MI-507,"Portage, Kalamazoo City & County CoC",702.0,529.0,173.0,414.0,288.0,269.0,41.0,396.0,6.0,134327,129858,4469,265531,4171.0,3920.0,251.0,49305.0,93131.74347807567,167301.88713084793
MI-508,"Lansing, East Lansing/Ingham County CoC",476.0,466.0,10.0,272.0,202.0,212.0,30.0,201.0,2.0,151464,146063,5401,291426,6148.0,5656.0,492.0,41298.0,62245.16285674918,129591.99365618132
MI-509,Washtenaw County CoC,273.0,261.0,12.0,172.0,100.0,113.0,11.0,142.0,1.0,199232,193476,5756,368242,5927.0,5393.0,534.0,61101.0,170954.42231482113,285287.43319186824
MI-510,Saginaw City & County CoC,364.0,352.0,12.0,204.0,160.0,169.0,89.0,163.0,1.0,86970,82781,4189,190484,4116.0,3869.0,247.0,41659.0,29620.885531421918,87612.182815318
MI-511,Lenawee County CoC,123.0,120.0,3.0,50.0,73.0,91.0,26.0,23.0,0.0,46518,44693,1825,98519,609.0,584.0,25.0,40866.0,66679.96701243338,140281.71827200468
MI-512,"Grand Traverse, Antrim, Leelanau Counties CoC",168.0,164.0,4.0,110.0,57.0,147.0,11.0,3.0,1.0,87523,83933,3590,173834,968.0,881.0,87.0,51755.79154825868,113067.50452904336,208745.51321784957
MI-514,Battle Creek/Calhoun County CoC,241.0,203.0,38.0,163.0,76.0,129.0,13.0,96.0,1.0,62615,60018,2597,133806,2508.0,2232.0,276.0,40428.0,41503.641526841435,98629.2621478582
MI-515,Monroe City & County CoC,167.0,167.0,0.0,81.0,86.0,112.0,9.0,46.0,1.0,75885,72902,2983,150412,1902.0,1787.0,115.0,48696.0,99088.42177405111,171529.29845399893
MI-516,"Norton Shores, Muskegon City & County CoC",136.0,120.0,16.0,83.0,53.0,77.0,8.0,52.0,1.0,77412,74072,3340,173645,2527.0,2324.0,203.0,39769.0,61139.698919272574,129903.0745847547
MI-517,Jackson City & County CoC,113.0,100.0,13.0,66.0,47.0,71.0,6.0,33.0,0.0,74743,71920,2823,158357,2509.0,2383.0,126.0,40413.0,63109.132245350826,135010.75553396947
MI-518,Livingston County CoC,89.0,89.0,0.0,43.0,46.0,78.0,7.0,8.0,0.0,106170,102733,3437,192058,416.0,386.0,30.0,59097.0,175565.57487024192,266321.43218969513
MI-519,Holland/Ottawa County CoC,225.0,208.0,17.0,120.0,105.0,175.0,38.0,28.0,10.0,162118,157601,4517,291460,1025.0,973.0,52.0,49484.0,160360.146014641,225270.20021647064
MI-523,Eaton County CoC,114.0,114.0,0.0,46.0,68.0,85.0,6.0,13.0,0.0,57608,55626,1982,110119,1045.0,971.0,74.0,43537.0,102980.03195135722,169622.04408119989
MN-500,Minneapolis/Hennepin County CoC,3400.0,2797.0,603.0,1935.0,1451.0,745.0,228.0,1973.0,26.0,711222,691369,19853,1265159,26087.0,24000.0,2087.0,76131.0,201394.1384290832,292903.15154790576
MN-501,St. Paul/Ramsey County CoC,1579.0,1262.0,317.0,952.0,616.0,422.0,121.0,888.0,52.0,290194,281441,8753,549632,14388.0,10934.0,3454.0,55442.0,176355.55674925167,245094.36314440216
MN-502,Rochester/Southeast Minnesota CoC,452.0,394.0,58.0,202.0,249.0,253.0,57.0,160.0,3.0,383515,371562,11953,678212,9755.0,8704.0,1051.0,50851.16051028292,121684.57817202488,191585.4843708138
MN-503,"Dakota, Anoka, Washington, Scott, Carver Counties CoC",686.0,450.0,236.0,340.0,341.0,364.0,36.0,210.0,17.0,733512,712139,21373,1303664,9899.0,9473.0,426.0,61950.864195068665,209342.74387466552,291440.6360250518
MN-504,Northeast Minnesota CoC,90.0,62.0,28.0,49.0,41.0,77.0,5.0,0.0,0.0,61981,58686,3295,125222,1968.0,1729.0,239.0,45272.3447317564,78078.79303473761,152989.26115757556
MN-505,St. Cloud/Central Minnesota CoC,679.0,466.0,213.0,326.0,351.0,343.0,26.0,94.0,7.0,410753,394702,16051,759790,6885.0,6355.0,530.0,47329.215022572025,146312.5132833455,217804.26115034355
MN-506,Northwest Minnesota CoC,268.0,260.0,8.0,149.0,119.0,111.0,23.0,7.0,0.0,88150,84016,4134,166014,3223.0,2674.0,549.0,46674.62649535581,71592.69899509723,149482.03029893796
MN-508,Moorhead/West Central Minnesota CoC,216.0,215.0,1.0,106.0,108.0,130.0,29.0,33.0,1.0,134421,129501,4920,245816,4316.0,3669.0,647.0,47221.60505418687,112902.2891243917,195035.158406561
MN-511,Southwest Minnesota CoC,88.0,82.0,6.0,42.0,45.0,51.0,23.0,26.0,2.0,149502,144052,5450,268148,4560.0,3769.0,791.0,49833.508584811374,67428.06862493009,137117.8740468138
MO-503,"St. Charles City & County, Lincoln, Warren Counties CoC",438.0,311.0,127.0,230.0,206.0,305.0,15.0,105.0,0.0,47593,46136,1457,94756,1507.0,1180.0,327.0,41741.60433112415,100840.58236125082,188528.51645991165
MO-600,"Springfield/Greene, Christian, Webster Counties CoC",492.0,411.0,81.0,270.0,219.0,372.0,36.0,66.0,5.0,213180,207382,5798,422056,3078.0,2861.0,217.0,43950.40572341111,96000.08143667736,158053.5441303898
MO-602,"Joplin/Jasper, Newton Counties CoC",237.0,188.0,49.0,161.0,75.0,212.0,5.0,15.0,0.0,84053,81507,2546,179557,2285.0,2127.0,158.0,40690.39489410048,65361.68632648469,123213.7654772151
MO-603,"St. Joseph/Andrew, Buchanan, DeKalb Counties CoC",255.0,218.0,37.0,134.0,121.0,187.0,14.0,33.0,1.0,58801,57060,1741,115713,2252.0,2040.0,212.0,40582.23082972527,49610.267683400896,112707.47722385816
MO-606,Missouri Balance of State CoC,1362.0,1003.0,359.0,651.0,704.0,987.0,80.0,284.0,5.0,1150502,1110748,39754,2451151,28083.0,24019.0,4064.0,40286.966829052966,68818.16038556509,132033.89404288042
MS-500,"Jackson/Rankin, Madison Counties CoC",408.0,302.0,106.0,269.0,124.0,142.0,1.0,249.0,0.0,268128,254999,13129,567171,10360.0,9700.0,660.0,46160.2100971312,69046.42241386634,135661.80030860077
MS-501,Mississippi Balance of State CoC,480.0,291.0,189.0,299.0,181.0,220.0,22.0,250.0,0.0,796484,751569,44915,1885324,33976.0,31629.0,2347.0,37373.592118383895,55518.360799565635,109465.92840980276
MS-503,Gulf Port/Gulf Coast Regional CoC,296.0,105.0,191.0,184.0,112.0,199.0,5.0,75.0,6.0,204030,192369,11661,497395,10294.0,9949.0,345.0,37796.15102483941,67788.51711574954,134496.7243250588
MT-500,Montana Statewide CoC,1357.0,1012.0,345.0,793.0,555.0,905.0,146.0,36.0,8.0,543742,524685,19057,1070123,13806.0,11978.0,1828.0,50099.2834571353,174939.6581829832,265040.551683529
NC-500,Winston-Salem/Forsyth County CoC,454.0,430.0,24.0,349.0,105.0,160.0,20.0,279.0,0.0,186866,179938,6928,382118,7745.0,6815.0,930.0,48756.0,85179.45538875468,160135.15816422165
NC-501,Asheville/Buncombe County CoC,580.0,502.0,78.0,428.0,149.0,364.0,12.0,165.0,0.0,139343,135189,4154,262049,4408.0,3746.0,662.0,50804.0,194559.41503182295,288334.06714600837
NC-502,Durham City & County CoC,361.0,280.0,81.0,250.0,111.0,68.0,12.0,276.0,0.0,171663,165859,5804,322969,5641.0,5020.0,621.0,51380.0,164338.98319942012,248597.69998395198
NC-503,North Carolina Balance of State CoC,2989.0,2139.0,850.0,1727.0,1257.0,1696.0,121.0,1112.0,12.0,2325295,2231313,93982,5222632,63120.0,56809.0,6311.0,41807.54077541745,83987.93771882946,160261.07336800467
NC-504,"Greensboro, High Point CoC",586.0,525.0,61.0,413.0,173.0,126.0,23.0,420.0,1.0,260375,249769,10606,537872,10457.0,5333.0,5124.0,47013.0,76102.81821138186,157664.55102865107
NC-505,Charlotte/Mecklenburg County CoC,1742.0,1546.0,196.0,1007.0,730.0,286.0,67.0,1402.0,8.0,615263,592866,22397,1113283,10835.0,7476.0,3359.0,62846.0,166852.19497273045,250739.165035459
NC-506,"Wilmington/Brunswick, New Hanover, Pender Counties CoC",431.0,269.0,162.0,276.0,154.0,272.0,27.0,134.0,0.0,204261,195961,8300,440308,4630.0,3650.0,980.0,46135.409790419435,158531.0449546509,254255.6521018016
NC-507,Raleigh/Wake County CoC,970.0,734.0,236.0,604.0,358.0,289.0,44.0,623.0,6.0,586424,566568,19856,1112795,7384.0,7088.0,296.0,62657.0,204624.24690705395,312110.08468423376
NC-509,"Gastonia/Cleveland, Gaston, Lincoln Counties CoC",324.0,252.0,72.0,178.0,146.0,221.0,9.0,92.0,0.0,200839,193203,7636,409243,4784.0,4555.0,229.0,42006.8593231894,82566.55329214799,162218.68488583842
NC-511,Fayetteville/Cumberland County CoC,329.0,103.0,226.0,193.0,136.0,104.0,19.0,205.0,0.0,126717,120305,6412,336524,3867.0,3712.0,155.0,39799.0,53895.77165642337,119441.81889695753
NC-513,Chapel Hill/Orange County CoC,131.0,102.0,29.0,89.0,42.0,50.0,5.0,67.0,3.0,79247,76619,2628,148192,1194.0,1014.0,180.0,65530.0,173146.10587408097,303613.72607623937
NC-516,Northwest North Carolina CoC,417.0,164.0,253.0,202.0,215.0,356.0,52.0,57.0,1.0,97187,93505,3682,213399,2729.0,2635.0,94.0,37620.721802820066,95800.03279931586,175152.8809190175
ND-500,North Dakota Statewide CoC,557.0,545.0,12.0,378.0,178.0,322.0,82.0,90.0,1.0,380279,372206,8073,694302,12546.0,9781.0,2765.0,58737.94056332835,124351.54764542142,199594.1983786064
NE-500,Nebraska Balance of State CoC,506.0,486.0,20.0,271.0,233.0,438.0,99.0,26.0,1.0,457513,443361,14152,835860,11663.0,10219.0,1444.0,49816.70965472687,73117.85755833777,140849.46558745418
NE-501,"Omaha, Council Bluffs CoC",1410.0,1364.0,46.0,972.0,436.0,892.0,127.0,385.0,9.0,451858,437544,14314,851158,12864.0,11590.0,1274.0,58811.55821833314,122804.64163770825,194271.55290154897
NE-502,Lincoln CoC,449.0,405.0,44.0,251.0,197.0,250.0,35.0,135.0,3.0,179931,174823,5108,318403,4370.0,4020.0,350.0,50510.0,137899.15730298427,200295.84051793
NH-500,New Hampshire Balance of State CoC,669.0,574.0,95.0,351.0,309.0,580.0,45.0,29.0,2.0,535523,521980,13543,943045,13461.0,12643.0,818.0,64242.759311591704,187600.45326386788,276757.4386107776
NH-501,Manchester CoC,461.0,410.0,51.0,251.0,207.0,366.0,62.0,48.0,2.0,245015,238537,6478,417738,8076.0,7672.0,404.0,62752.0,217546.76129353663,304179.05957135174
NH-502,Nashua/Hillsborough County CoC,266.0,263.0,3.0,156.0,110.0,226.0,58.0,23.0,5.0,245015,238537,6478,417738,8076.0,7672.0,404.0,62752.0,217546.76129353663,304179.05957135174
NJ-500,Atlantic City & County CoC,357.0,261.0,96.0,259.0,98.0,165.0,49.0,168.0,8.0,125970,119780,6190,263653,7573.0,6815.0,758.0,51247.0,104072.77986773557,188208.85555151032
NJ-501,Bergen County CoC,271.0,267.0,4.0,142.0,128.0,160.0,75.0,92.0,10.0,502296,488074,14222,932256,11615.0,11150.0,465.0,88241.0,330989.4592267,465431.11618214566
NJ-502,Burlington County CoC,518.0,495.0,23.0,256.0,261.0,184.0,48.0,289.0,3.0,240757,233093,7664,446160,1773.0,1737.0,36.0,63528.0,141032.5352751794,231957.8298276919
NJ-503,"Camden City & County/Gloucester, Cape May, Cumberland Counties CoC",979.0,760.0,219.0,622.0,355.0,467.0,137.0,480.0,2.0,535942,512997,22945,1039587,20996.0,19978.0,1018.0,54267.982002468285,106342.46347076591,191610.07152583048
NJ-504,Newark/Essex County CoC,2235.0,1897.0,338.0,1277.0,949.0,391.0,338.0,1787.0,2.0,386078,369373,16705,802162,34092.0,30682.0,3410.0,65927.0,225008.17923290306,383821.0875363911
NJ-506,"Jersey City, Bayonne/Hudson County CoC",890.0,623.0,267.0,603.0,286.0,387.0,292.0,480.0,11.0,376142,364173,11969,674030,23830.0,22400.0,1430.0,67570.0,262729.4317005044,425919.4004968782
NJ-507,New Brunswick/Middlesex County CoC,620.0,485.0,135.0,367.0,253.0,299.0,236.0,274.0,4.0,455419,441596,13823,824394,10236.0,9724.0,512.0,62665.0,222031.60621446036,332655.8843522794
NJ-508,Monmouth County CoC,359.0,305.0,54.0,214.0,145.0,190.0,89.0,149.0,1.0,341346,330796,10550,619687,10560.0,9609.0,951.0,82270.0,269188.85535072704,425497.14004781144
NJ-509,Morris County CoC,388.0,346.0,42.0,238.0,149.0,282.0,62.0,90.0,3.0,267808,260524,7284,491577,3797.0,3683.0,114.0,99140.0,286666.64871636155,430190.4858735318
NJ-510,Lakewood Township/Ocean County CoC,305.0,275.0,30.0,164.0,138.0,201.0,52.0,86.0,0.0,289325,279014,10311,607498,5748.0,5518.0,230.0,53517.0,182921.0425446025,294246.04127137986
NJ-511,Paterson/Passaic County CoC,391.0,274.0,117.0,222.0,168.0,179.0,129.0,181.0,3.0,252808,242201,10607,501838,11766.0,10707.0,1059.0,51203.0,232161.71295403445,333210.663235792
NJ-512,Salem County CoC,29.0,29.0,0.0,13.0,16.0,7.0,7.0,22.0,0.0,30428,28998,1430,62341,1476.0,1431.0,45.0,50597.0,60611.082729900336,139104.42551922108
NJ-513,Somerset County CoC,301.0,295.0,6.0,170.0,131.0,139.0,40.0,141.0,9.0,178462,173269,5193,329998,2192.0,2126.0,66.0,110466.0,258495.11989672921,408309.12240845436
NJ-514,Trenton/Mercer County CoC,448.0,364.0,84.0,308.0,140.0,146.0,96.0,287.0,3.0,211808,205315,6493,368047,7922.0,7367.0,555.0,70675.0,109959.42603221977,244608.5212305947
NJ-515,Elizabeth/Union County CoC,437.0,398.0,39.0,229.0,208.0,104.0,112.0,306.0,4.0,288808,278481,10327,556664,9672.0,8898.0,774.0,68867.0,238955.36752561343,362622.01687840093
NJ-516,"Warren, Sussex, Hunterdon Counties CoC",334.0,306.0,28.0,180.0,154.0,244.0,29.0,81.0,2.0,202871,196611,6260,371366,3707.0,3543.0,164.0,71528.97078892522,176474.00619546167,286249.8588100333
NM-500,Albuquerque CoC,1524.0,957.0,567.0,1005.0,503.0,941.0,626.0,108.0,15.0,334206,319073,15133,679425,9537.0,8583.0,954.0,45203.0,147753.30357730825,207573.31292091895
NM-501,New Mexico Balance of State CoC,1717.0,1025.0,692.0,925.0,775.0,901.0,736.0,84.0,2.0,478005,453959,24046,1084264,12777.0,10480.0,2297.0,43945.100079869844,103654.61090778653,184217.11924618838
NV-500,Las Vegas/Clark County CoC,5530.0,2213.0,3317.0,3916.0,1586.0,2973.0,733.0,2046.0,126.0,1134950,1086341,48609,2275884,16010.0,15849.0,161.0,49225.0,207314.00541781445,298107.7555908914
NV-501,"Reno, Sparks/Washoe County CoC",1256.0,1030.0,226.0,887.0,365.0,953.0,199.0,161.0,18.0,255919,247198,8721,472381,5011.0,4459.0,552.0,62994.0,267898.875393452,382581.15914894984
NV-502,Nevada Balance of State CoC,383.0,119.0,264.0,239.0,144.0,371.0,16.0,3.0,0.0,127621,122418,5203,283664,1139.0,929.0,210.0,49543.60402095437,160648.63474089126,261846.17704193166
NY-500,"Rochester, Irondequoit, Greece/Monroe County CoC",849.0,814.0,35.0,549.0,298.0,329.0,159.0,463.0,4.0,370978,356235,14743,742605,18726.0,17415.0,1311.0,54174.0,100846.59198559549,160466.26775054785
NY-501,"Elmira/Steuben, Allegany, Livingston, Chemung, Schuyler Counties CoC",240.0,233.0,7.0,127.0,113.0,199.0,1.0,31.0,1.0,138982,132969,6013,305352,5282.0,4850.0,432.0,44631.19694319998,57823.30260704702,106790.82704864217
NY-503,Albany City & County CoC,750.0,716.0,34.0,542.0,205.0,294.0,107.0,388.0,8.0,161257,155650,5607,304752,8783.0,7641.0,1142.0,61876.0,161913.1377410578,237104.14667489452
NY-505,"Syracuse, Auburn/Onondaga, Oswego, Cayuga Counties CoC",732.0,719.0,13.0,458.0,269.0,387.0,74.0,263.0,2.0,316265,303479,12786,654254,15129.0,13784.0,1345.0,51010.61724956974,85862.11784238149,139053.83642180875
NY-507,Schenectady City & County CoC,372.0,350.0,22.0,217.0,155.0,164.0,65.0,140.0,1.0,78250,75383,2867,155548,3737.0,3475.0,262.0,54310.0,120168.63222241044,183462.8530193216
NY-508,"Buffalo, Niagara Falls/Erie, Niagara, Orleans, Genesee, Wyoming Counties CoC",924.0,891.0,33.0,519.0,401.0,387.0,99.0,452.0,3.0,620945,595051,25894,1265999,31149.0,28318.0,2831.0,50382.05521884299,101598.21391657452,164550.0460587244
NY-510,Ithaca/Tompkins County CoC,171.0,171.0,0.0,98.0,73.0,100.0,14.0,47.0,0.0,50489,48733,1756,101971,2727.0,2536.0,191.0,46052.0,140262.7090476839,219121.92725693915
NY-511,"Binghamton, Union Town/Broome, Otsego, Chenango, Delaware, Cortland, Tioga Counties CoC",318.0,309.0,9.0,222.0,96.0,279.0,11.0,30.0,4.0,202663,193799,8864,437305,5800.0,4978.0,822.0,44542.1941939836,68371.55863612302,118425.64308226563
NY-512,Troy/Rensselaer County CoC,199.0,189.0,10.0,100.0,96.0,76.0,33.0,114.0,1.0,83111,80119,2992,158981,2469.0,2913.0,-444.0,50481.0,128677.60571986593,194204.39112190576
NY-513,"Wayne, Ontario, Seneca, Yates Counties CoC",205.0,204.0,1.0,119.0,86.0,157.0,27.0,47.0,0.0,130427,125562,4865,258891,4088.0,3742.0,346.0,49534.30488893009,90404.10142565082,153517.14088629675
NY-514,"Jamestown, Dunkirk/Chautauqua County CoC",96.0,96.0,0.0,50.0,46.0,83.0,36.0,10.0,0.0,55549,53048,2501,126636,2611.0,2402.0,209.0,41443.0,46741.99263617446,91935.72550577384
NY-518,"Utica, Rome/Oneida, Madison Counties CoC",168.0,154.0,14.0,96.0,69.0,114.0,14.0,39.0,2.0,166288,159262,7026,360471,8187.0,7304.0,883.0,45775.829032016445,73758.9963623095,126996.46826514644
NY-519,"Columbia, Greene Counties CoC",200.0,196.0,4.0,99.0,99.0,125.0,19.0,55.0,0.0,52626,50763,1863,106793,1558.0,1379.0,179.0,53515.8106711114,136803.83615097334,216864.06766174673
NY-520,"Franklin, Essex Counties CoC",24.0,21.0,3.0,17.0,7.0,20.0,1.0,0.0,2.0,37386,35659,1727,87089,1958.0,1813.0,145.0,42713.971190391436,55787.3045037086,119505.60710538042
NY-522,"Jefferson, Lewis, St. Lawrence Counties CoC",53.0,49.0,4.0,25.0,28.0,44.0,0.0,6.0,0.0,56810,53788,3022,136472,3172.0,2940.0,232.0,48556.06435019638,73596.87539750508,136140.65197743758
NY-523,"Glens Falls, Saratoga Springs/Saratoga, Washington, Warren, Hamilton Counties CoC",268.0,261.0,7.0,162.0,106.0,201.0,31.0,50.0,5.0,185080,178501,6579,359221,4300.0,3902.0,398.0,63761.20911917733,158479.3942502962,241254.67588394857
NY-600,New York City CoC,78604.0,74982.0,3622.0,41302.0,36904.0,14736.0,28369.0,58170.0,1052.0,4266067,4098032,168035,8342925,394179.0,364734.0,29445.0,77027.7769560436,301389.03474710346,598912.991415454
NY-601,Poughkeepsie/Dutchess County CoC,533.0,523.0,10.0,269.0,263.0,247.0,82.0,261.0,0.0,148361,143255,5106,293934,4686.0,3983.0,703.0,58417.0,201798.613642761,288680.25886660843
NY-602,"Newburgh, Middletown/Orange County CoC",589.0,538.0,51.0,323.0,266.0,265.0,125.0,245.0,0.0,191721,184795,6926,384950,5273.0,4640.0,633.0,53287.0,166489.63246487072,261030.6672089093
NY-603,"Nassau, Suffolk Counties CoC",3843.0,3797.0,46.0,1836.0,2006.0,1388.0,729.0,2186.0,33.0,1526356,1474329,52027,2834398,25382.0,22349.0,3033.0,81738.63730746352,351587.432321162,480758.6544499795
NY-604,"Yonkers, Mount Vernon/Westchester County CoC",1812.0,1780.0,32.0,913.0,898.0,532.0,471.0,1238.0,5.0,498184,480302,17882,968467,22972.0,21363.0,1609.0,112037.0,371571.6833749733,587863.9388260263
NY-606,Rockland County CoC,182.0,139.0,43.0,118.0,63.0,94.0,37.0,65.0,1.0,159731,154304,5427,326352,6395.0,5691.0,704.0,62206.0,304451.4785648916,448080.01197949913
NY-608,Kingston/Ulster County CoC,432.0,390.0,42.0,218.0,213.0,289.0,53.0,96.0,9.0,89940,86710,3230,177933,3408.0,2964.0,444.0,52554.0,152094.93466959088,235171.8631206395
OH-500,Cincinnati/Hamilton County CoC,1082.0,1051.0,31.0,721.0,356.0,405.0,13.0,639.0,1.0,420158,404026,16132,818653,25299.0,23781.0,1518.0,61458.0,87741.27947964624,162475.10756456843
OH-501,Toledo/Lucas County CoC,611.0,599.0,12.0,341.0,270.0,261.0,45.0,305.0,0.0,211993,202047,9946,428888,12188.0,11334.0,854.0,47719.0,34475.839524182345,100210.35556826234
OH-502,Cleveland/Cuyahoga County CoC,1618.0,1512.0,106.0,1091.0,519.0,405.0,79.0,1172.0,6.0,627902,601190,26712,1235574,38440.0,35364.0,3076.0,55998.0,60631.04013757375,129111.22093798022
OH-503,Columbus/Franklin County CoC,1907.0,1525.0,382.0,1144.0,756.0,561.0,71.0,1213.0,4.0,703584,678439,25145,1318766,24534.0,22325.0,2209.0,51467.0,93426.0801617983,185258.37166226978
OH-504,Youngstown/Mahoning County CoC,148.0,139.0,9.0,117.0,31.0,83.0,9.0,56.0,0.0,104172,98147,6025,227510,5265.0,4896.0,369.0,44315.0,30856.88531483586,87057.32621805162
OH-505,"Dayton, Kettering/Montgomery County CoC",681.0,632.0,49.0,446.0,228.0,319.0,18.0,316.0,2.0,254041,243251,10790,532139,12353.0,11611.0,742.0,48143.0,49846.42839893082,112896.79778891947
OH-506,Akron/Summit County CoC,546.0,459.0,87.0,322.0,224.0,279.0,6.0,235.0,7.0,274992,263139,11853,540814,13809.0,13532.0,277.0,53580.0,61568.0872732427,135378.45931666213
OH-507,Ohio Balance of State CoC,3479.0,2665.0,814.0,1880.0,1597.0,2714.0,140.0,592.0,5.0,2579791,2468490,111301,5236343,76343.0,70296.0,6047.0,45606.40314757838,72881.50499740895,138703.85324448295
OH-508,"Canton, Massillon, Alliance/Stark County CoC",273.0,256.0,17.0,123.0,150.0,153.0,8.0,78.0,1.0,187369,178826,8543,370723,6527.0,6070.0,457.0,46384.0,59968.8906600929,129120.47553363464
OK-500,North Central Oklahoma CoC,178.0,171.0,7.0,92.0,86.0,127.0,12.0,11.0,0.0,98826,95809,3017,218558,2225.0,2099.0,126.0,41637.00571930563,42005.48298557364,104993.1309192855
OK-501,Tulsa City & County CoC,1188.0,892.0,296.0,793.0,389.0,630.0,85.0,266.0,6.0,323631,313843,9788,652166,13022.0,11850.0,1172.0,64444.0,65361.20031029961,141479.9444158574
OK-503,Oklahoma Balance of State CoC,279.0,113.0,166.0,157.0,122.0,204.0,15.0,26.0,1.0,151156,146915,4241,316678,2846.0,2520.0,326.0,43115.643129614306,38747.62698790952,96616.91563526612
OK-504,Norman/Cleveland County CoC,347.0,132.0,215.0,244.0,103.0,297.0,7.0,18.0,1.0,142910,139031,3879,284537,2168.0,2211.0,-43.0,46488.0,106140.12855975532,167183.22824038484
OK-505,Northeast Oklahoma CoC,228.0,157.0,71.0,142.0,86.0,145.0,17.0,12.0,2.0,127358,122939,4419,303867,2435.0,2236.0,199.0,39198.35776178394,43823.994539632455,98319.72571178636
OK-506,Southwest Oklahoma Regional CoC,158.0,136.0,22.0,108.0,50.0,90.0,9.0,44.0,0.0,174373,168705,5668,403150,3964.0,3566.0,398.0,42160.946446731985,36350.92343060507,95388.44608990526
OK-507,Southeastern Oklahoma Regional CoC,293.0,217.0,76.0,165.0,128.0,193.0,18.0,30.0,0.0,259035,249349,9686,610077,9514.0,8394.0,1120.0,38906.18866143126,36388.80286737415,91349.45907635927
OR-500,"Eugene, Springfield/Lane County CoC",2165.0,532.0,1633.0,1513.0,640.0,1793.0,165.0,78.0,6.0,180006,172825,7181,382064,5216.0,4955.0,261.0,45960.0,226044.620001785,306796.13458434126
OR-501,"Portland, Gresham/Multnomah County CoC",4015.0,1978.0,2037.0,2531.0,1399.0,2704.0,382.0,568.0,47.0,451303,436664,14639,812439,15963.0,14685.0,1278.0,59402.0,300891.28292392934,405313.3074107517
OR-502,"Medford, Ashland/Jackson County CoC",712.0,348.0,364.0,473.0,236.0,596.0,87.0,21.0,1.0,103404,98980,4424,220815,2964.0,2904.0,60.0,47708.0,231811.03263821985,315657.92342284933
OR-503,Central Oregon CoC,880.0,266.0,614.0,506.0,369.0,750.0,46.0,13.0,0.0,115842,111118,4724,246452,1580.0,1493.0,87.0,53845.08334685862,253941.58396049307,369782.5070213187
OR-505,Oregon Balance of State CoC,7103.0,2064.0,5039.0,3879.0,3202.0,6228.0,755.0,137.0,22.0,701034,671660,29374,1533424,21133.0,19165.0,1968.0,44135.273245364624,196863.25803689184,278391.23602514557
OR-506,"Hillsboro, Beaverton/Washington County CoC",530.0,298.0,232.0,352.0,167.0,402.0,68.0,54.0,1.0,323903,314017,9886,600933,3952.0,3675.0,277.0,63425.0,328344.3794974646,432608.0814886918
OR-507,Clackamas County CoC,471.0,248.0,223.0,297.0,174.0,366.0,64.0,25.0,5.0,218366,211042,7324,418199,2935.0,2612.0,323.0,61375.0,313559.6307637525,432231.9868440076
PA-501,Harrisburg/Dauphin County CoC,418.0,370.0,48.0,277.0,141.0,154.0,64.0,241.0,1.0,146373,140502,5871,278427,6529.0,5941.0,588.0,52892.0,81458.36852126424,162789.60540814346
PA-502,"Upper Darby, Chester, Haverford/Delaware County CoC",400.0,352.0,48.0,212.0,188.0,97.0,29.0,281.0,2.0,303714,291483,12231,566506,7103.0,6463.0,640.0,69950.0,100825.12891238276,210826.50530964436
PA-503,"Wilkes-Barre, Hazleton/Luzerne County CoC",164.0,157.0,7.0,75.0,89.0,102.0,21.0,56.0,0.0,160335,151281,9054,317438,9035.0,8221.0,814.0,45938.0,46457.63912855529,107104.06431519361
PA-504,"Lower Merion, Norristown, Abington/Montgomery County CoC",246.0,227.0,19.0,108.0,138.0,82.0,11.0,147.0,3.0,462981,446861,16120,830397,5808.0,5052.0,756.0,82176.0,194701.27092799393,305503.1769139015
PA-505,Chester County CoC,528.0,508.0,20.0,372.0,156.0,288.0,48.0,230.0,0.0,291459,282238,9221,525059,3689.0,3320.0,369.0,88403.0,223059.58019080842,355464.4624420526
PA-506,Reading/Berks County CoC,597.0,587.0,10.0,375.0,217.0,366.0,202.0,196.0,0.0,218371,208900,9471,420375,4340.0,4036.0,304.0,51606.0,96303.63117951175,174388.35458436265
PA-508,Scranton/Lackawanna County CoC,186.0,177.0,9.0,119.0,66.0,143.0,33.0,32.0,0.0,106490,101312,5178,209808,6503.0,5852.0,651.0,48388.0,56381.35425707011,119822.3570831655
PA-509,Eastern Pennsylvania CoC,1843.0,1506.0,337.0,1016.0,827.0,1364.0,328.0,390.0,6.0,1569310,1499256,70054,3106857,42582.0,38481.0,4101.0,48805.96095378706,97660.94979829146,164198.63199484817
PA-510,Lancaster City & County CoC,422.0,410.0,12.0,230.0,192.0,261.0,126.0,119.0,1.0,289026,279104,9922,545441,4086.0,3799.0,287.0,54529.0,155620.0885167744,227669.59475148984
PA-511,"Bristol, Bensalem/Bucks County CoC",359.0,338.0,21.0,159.0,198.0,239.0,45.0,97.0,2.0,349374,336057,13317,628497,5638.0,4735.0,903.0,76502.0,219097.83806915433,327174.407647692
PA-512,York City & County CoC,321.0,289.0,32.0,179.0,142.0,183.0,55.0,98.0,0.0,238988,229843,9145,449341,3506.0,3260.0,246.0,52015.0,117831.57555477374,187028.113983506
PA-600,"Pittsburgh, McKeesport, Penn Hills/Allegheny County CoC",774.0,726.0,48.0,485.0,287.0,320.0,28.0,370.0,8.0,657807,630855,26952,1215716,34855.0,31020.0,3835.0,64718.0,69631.56160692935,153771.5542660452
PA-601,Western Pennsylvania CoC,727.0,693.0,34.0,395.0,332.0,608.0,9.0,100.0,2.0,830641,791445,39196,1687097,30189.0,27091.0,3098.0,49592.955940292704,48292.462969083754,112631.96561745825
PA-603,Beaver County CoC,123.0,117.0,6.0,64.0,59.0,68.0,7.0,46.0,0.0,84960,81133,3827,163956,3977.0,3698.0,279.0,50385.0,54358.85353440876,122592.88590508554
PA-605,Erie City & County CoC,356.0,350.0,6.0,229.0,127.0,185.0,19.0,143.0,0.0,130605,124689,5916,269529,6178.0,5683.0,495.0,46259.0,68657.37677530649,127413.68320830406
RI-500,Rhode Island Statewide CoC,1055.0,984.0,71.0,690.0,358.0,655.0,256.0,309.0,8.0,574347,554076,20271,1058158,38271.0,35638.0,2633.0,56616.43502860631,208483.50241377045,287309.300616668
SC-500,Charleston/Low Country CoC,403.0,275.0,128.0,287.0,115.0,124.0,23.0,246.0,2.0,500101,487993,12108,1085037,11946.0,10953.0,993.0,52852.76521261487,161012.3196754209,273126.28292020934
SC-501,"Greenville, Anderson, Spartanburg/Upstate CoC",1401.0,895.0,506.0,888.0,512.0,711.0,45.0,613.0,4.0,710639,692238,18401,1558589,19947.0,19177.0,770.0,43788.716335737,76504.53656722272,159142.76949842676
SC-502,Columbia/Midlands CoC,1215.0,923.0,292.0,796.0,416.0,356.0,30.0,815.0,5.0,719386,698851,20535,1571594,19622.0,18316.0,1306.0,45648.36897442978,72117.68003296948,157654.25991374906
SC-503,"Myrtle Beach, Sumter City & County CoC",1153.0,362.0,791.0,676.0,477.0,602.0,22.0,486.0,3.0,394376,380724,13652,942482,11339.0,10332.0,1007.0,39371.49586941714,67667.35293687385,139856.40978732996
SD-500,South Dakota Statewide CoC,995.0,761.0,234.0,605.0,389.0,285.0,50.0,75.0,3.0,426644,415193,11451,795582,13365.0,11370.0,1995.0,56583.29525680571,120358.51307344584,195054.79989550042
TN-500,Chattanooga/Southeast Tennessee CoC,463.0,282.0,181.0,308.0,154.0,290.0,20.0,136.0,2.0,336032,324265,11767,706845,12302.0,10899.0,1403.0,45819.429222814055,86240.64480419493,165809.02032730557
TN-501,Memphis/Shelby County CoC,1325.0,1267.0,58.0,771.0,550.0,269.0,22.0,1032.0,3.0,448428,430717,17711,937070,17912.0,16837.0,1075.0,50468.0,50577.52499690382,135704.64232732158
TN-502,Knoxville/Knox County CoC,800.0,605.0,195.0,452.0,347.0,580.0,28.0,185.0,0.0,245936,238896,7040,470137,10736.0,9340.0,1396.0,52422.0,103328.27996685474,191420.70210978008
TN-503,Central Tennessee CoC,357.0,310.0,47.0,222.0,135.0,194.0,11.0,158.0,0.0,609272,590670,18602,1231886,10404.0,9959.0,445.0,53562.38516307515,144358.1292999795,246785.14849486726
TN-504,Nashville-Davidson County CoC,1986.0,1401.0,585.0,1496.0,487.0,993.0,68.0,890.0,14.0,403494,393375,10119,692999,17987.0,16008.0,1979.0,72602.0,186328.26105002736,275899.6940994144
TN-506,Upper Cumberland CoC,273.0,208.0,65.0,154.0,118.0,237.0,9.0,19.0,1.0,239627,231369,8258,527968,5105.0,4827.0,278.0,40572.93515705497,102315.2513867145,176928.3018702748
TN-507,Jackson/West Tennessee CoC,959.0,108.0,851.0,467.0,492.0,578.0,0.0,310.0,0.0,295342,283061,12281,664631,10955.0,10449.0,506.0,40265.76056638947,46342.014096896404,109886.89922035074
TN-509,Appalachian Regional CoC,405.0,256.0,149.0,261.0,144.0,371.0,22.0,32.0,0.0,226860,218168,8692,512809,8114.0,7438.0,676.0,40401.49601898563,64840.622108847376,129417.47582053121
TN-510,Murfreesboro/Rutherford County CoC,384.0,222.0,162.0,226.0,158.0,283.0,12.0,94.0,0.0,187529,182766,4763,332125,2155.0,1982.0,173.0,43095.0,186150.0395027008,257778.24231320937
TN-512,"Morristown/Blount, Sevier, Campbell, Cocke Counties CoC",515.0,210.0,305.0,275.0,238.0,473.0,10.0,30.0,2.0,311509,300408,11101,679970,8125.0,7539.0,586.0,40921.82307454741,85243.62070351985,160564.20732988647
TX-500,San Antonio/Bexar County CoC,2872.0,1685.0,1187.0,1813.0,1049.0,2105.0,1311.0,632.0,16.0,935537,906024,29513,2002445,26887.0,25004.0,1883.0,46569.0,114341.10918747327,187396.89308278568
TX-503,Austin/Travis County CoC,2255.0,1169.0,1086.0,1490.0,755.0,1334.0,669.0,776.0,11.0,731331,712144,19187,1273567,10198.0,9178.0,1020.0,71633.0,239457.91087478562,352296.32460816327
TX-600,"Dallas City & County, Irving CoC",4538.0,3086.0,1452.0,2999.0,1531.0,1641.0,668.0,2597.0,76.0,1900355,1836028,64327,3670675,36878.0,31578.0,5300.0,65243.42684792307,172816.65912974006,256205.37867807562
TX-601,"Fort Worth, Arlington/Tarrant County CoC",2028.0,1468.0,560.0,1299.0,723.0,1008.0,270.0,975.0,22.0,68167,66184,1983,143149,594.0,564.0,30.0,57254.0,163398.3033231329,272533.4628719393
TX-603,El Paso City & County CoC,809.0,626.0,183.0,543.0,266.0,713.0,570.0,65.0,4.0,359445,345701,13744,837501,13847.0,11631.0,2216.0,38771.0,88128.52701388445,131604.71672628328
TX-604,Waco/McLennan County CoC,193.0,124.0,69.0,121.0,72.0,103.0,38.0,76.0,0.0,164011,158404,5607,372634,5174.0,4800.0,374.0,41881.50091779065,67668.34653189674,140712.08532382848
TX-607,Texas Balance of State CoC,8072.0,3416.0,4656.0,4941.0,3095.0,5682.0,2715.0,2059.0,36.0,4209076,4042840,166236,9479597,106249.0,92905.0,13344.0,45225.43865356302,81420.81483794657,155670.0581417408
TX-624,"Wichita Falls/Wise, Palo Pinto, Wichita, Archer Counties CoC",243.0,180.0,63.0,155.0,88.0,191.0,9.0,43.0,1.0,145918,141321,4597,334428,4259.0,3711.0,548.0,44867.502736014925,55722.607854164344,121109.21795941309
TX-700,"Houston, Pasadena, Conroe/Harris, Fort Bend, Montgomery Counties CoC",3938.0,2324.0,1614.0,2435.0,1492.0,1608.0,468.0,2157.0,25.0,683215,659712,23503,1420320,3973.0,3802.0,171.0,62683.13778303481,175408.01315199074,260312.26503347096
TX-701,"Bryan, College Station/Brazos Valley CoC",123.0,102.0,21.0,74.0,48.0,59.0,14.0,58.0,3.0,164952,159849,5103,350411,3705.0,3523.0,182.0,40827.75824674454,108046.76351443396,193554.52279759484
UT-500,Salt Lake City & County CoC,1844.0,1651.0,193.0,1161.0,668.0,1349.0,426.0,203.0,37.0,637435,621863,15572,1158585,9391.0,8545.0,846.0,55481.0,267360.3309006211,360201.37084718683
UT-503,Utah Balance of State CoC,793.0,642.0,151.0,425.0,366.0,669.0,158.0,68.0,4.0,629522,612286,17236,1331360,7269.0,6446.0,823.0,42685.058137543565,212748.82803997962,295331.12293216336
UT-504,Provo/Mountainland CoC,161.0,97.0,64.0,87.0,74.0,141.0,24.0,5.0,0.0,41263,40234,1029,76291,4.0,0.0,4.0,110586.36457773525,315849.0211508129,583944.8273365046
VA-500,"Richmond/Henrico, Chesterfield, Hanover Counties CoC",497.0,327.0,170.0,335.0,160.0,133.0,37.0,340.0,2.0,475162,462358,12804,877060,6146.0,5669.0,477.0,62590.73023054295,172318.50376952052,256300.66385090197
VA-501,"Norfolk/Chesapeake, Suffolk, Isle of Wight, Southampton Counties CoC",700.0,614.0,86.0,459.0,238.0,155.0,29.0,511.0,8.0,19652,19108,544,37400,394.0,346.0,48.0,55930.0,104346.20582150902,281219.8325908736
VA-502,"Roanoke City & County, Salem CoC",319.0,304.0,15.0,197.0,122.0,170.0,11.0,128.0,1.0,19984,19468,516,38627,32.0,21.0,11.0,49397.6200585083,84168.51634249142,188711.64354560894
VA-504,Charlottesville CoC,165.0,139.0,26.0,119.0,46.0,87.0,12.0,62.0,1.0,52673,51356,1317,99511,421.0,371.0,50.0,45945.068776316184,143725.4593862583,229626.27465182074
VA-508,Lynchburg CoC,78.0,64.0,14.0,46.0,32.0,45.0,2.0,24.0,0.0,22357,21630,727,47580,144.0,130.0,14.0,38069.34527112232,87031.29081693715,159051.09132745332
VA-513,"Harrisonburg, Winchester/Western Virginia CoC",342.0,314.0,28.0,212.0,130.0,241.0,44.0,59.0,5.0,62741,60952,1789,122305,543.0,495.0,48.0,47658.12096807163,144768.97542476567,225666.7239246404
VA-514,"Fredericksburg/Spotsylvania, Stafford Counties CoC",221.0,185.0,36.0,129.0,92.0,94.0,21.0,90.0,1.0,102631,99766,2865,211501,644.0,592.0,52.0,53735.82100321039,234030.43161671597,334815.33367475297
VA-521,Virginia Balance of State CoC,761.0,637.0,124.0,359.0,399.0,409.0,43.0,287.0,6.0,438633,424190,14443,943368,7611.0,6969.0,642.0,43426.26836716955,89388.57737985559,167453.10052955363
VA-600,Arlington County CoC,215.0,179.0,36.0,132.0,83.0,84.0,32.0,121.0,3.0,154821,151874,2947,238392,2772.0,2550.0,222.0,98116.0,358877.39311426104,659343.5406700481
VA-602,Loudoun County CoC,167.0,96.0,71.0,101.0,66.0,91.0,16.0,62.0,7.0,227523,222301,5222,414872,963.0,616.0,347.0,80535.0,392341.0365028239,555165.1699755349
VT-500,Vermont Balance of State CoC,780.0,714.0,66.0,422.0,349.0,690.0,29.0,40.0,3.0,253920,248014,5906,460128,7932.0,6877.0,1055.0,53196.702258936646,125648.91746922766,202775.31723625134
VT-501,Burlington/Chittenden County CoC,309.0,261.0,48.0,194.0,112.0,235.0,13.0,45.0,16.0,99583,98001,1582,163918,4464.0,3839.0,625.0,61569.0,218272.25793115338,308561.4664977209
WA-500,Seattle/King County CoC,11199.0,5971.0,5228.0,6222.0,4465.0,4742.0,1632.0,3570.0,433.0,1288392,1253834,34558,2249653,34989.0,33239.0,1750.0,92026.0,390350.40354543255,614268.6185363164
WA-501,Washington Balance of State CoC,5509.0,3210.0,2299.0,3137.0,2343.0,4527.0,873.0,255.0,30.0,1074012,1015413,58599,2262796,21170.0,19182.0,1988.0,48724.85679884532,208752.0787631115,311846.4089930336
WA-502,Spokane City & County CoC,1309.0,994.0,315.0,789.0,511.0,956.0,108.0,121.0,3.0,257459,243815,13644,522231,7330.0,7036.0,294.0,46902.0,183120.28050110667,270374.9328771112
WA-503,"Tacoma, Lakewood/Pierce County CoC",1486.0,857.0,629.0,911.0,572.0,800.0,206.0,320.0,21.0,446672,423491,23181,905719,9685.0,8910.0,775.0,52496.0,286872.261069194,377080.31149129156
WA-504,Everett/Snohomish County CoC,1116.0,517.0,599.0,607.0,502.0,830.0,163.0,95.0,12.0,438686,425807,12879,822413,8596.0,8338.0,258.0,57900.0,352934.6510901495,486142.83566983684
WA-508,Vancouver/Clark County CoC,958.0,471.0,487.0,524.0,427.0,735.0,89.0,75.0,11.0,246958,235243,11715,489271,4099.0,3566.0,533.0,54930.0,291077.50384098676,369327.6737750387
WI-500,Wisconsin Balance of State CoC,2875.0,2781.0,94.0,1531.0,1334.0,1890.0,261.0,482.0,32.0,2148490,2081132,67358,3997691,44299.0,39183.0,5116.0,52698.51139395216,113947.57485722324,187134.85782955337
WI-501,Milwaukee City & County CoC,885.0,771.0,114.0,587.0,297.0,282.0,97.0,552.0,3.0,466224,448434,17790,947011,22173.0,19955.0,2218.0,48107.0,88772.77434356186,160164.18519415054
WI-502,Racine City & County CoC,200.0,188.0,12.0,123.0,77.0,114.0,14.0,71.0,1.0,98613,94769,3844,196204,3036.0,2914.0,122.0,50729.0,98466.2443391878,169536.2657828563
WI-503,Madison/Dane County CoC,578.0,503.0,75.0,337.0,239.0,259.0,42.0,288.0,6.0,324955,317425,7530,547637,6405.0,5828.0,577.0,63683.0,204849.3512145971,296924.76637262537
WV-500,"Wheeling, Weirton Area CoC",136.0,127.0,9.0,77.0,59.0,110.0,8.0,14.0,5.0,64962,61407,3555,138072,3946.0,3465.0,481.0,47832.083260907355,39812.027265978606,91797.37382961187
WV-501,"Huntington/Cabell, Wayne Counties CoC",171.0,122.0,49.0,100.0,71.0,144.0,1.0,22.0,0.0,57113,54520,2593,131449,4192.0,3897.0,295.0,41269.2275331117,40356.31002575593,95906.66886033086
WV-503,"Charleston/Kanawha, Putnam, Boone, Clay Counties CoC",293.0,291.0,2.0,201.0,92.0,196.0,3.0,96.0,1.0,119863,114190,5673,264758,6470.0,6293.0,177.0,47798.67674253469,56191.91655879005,110113.97996596388
WV-508,West Virginia Balance of State CoC,797.0,609.0,188.0,490.0,307.0,711.0,23.0,58.0,2.0,553368,525795,27573,1260984,19371.0,17546.0,1825.0,40932.646888461706,61670.45816257283,117604.3378393675
WY-500,Wyoming Statewide CoC,548.0,423.0,125.0,376.0,172.0,456.0,67.0,31.0,0.0,293318,282431,10887,580116,5695.0,5343.0,352.0,61064.561061925546,161703.14404990873,255130.38698451838
